Name,AA1,AA2,AA3,AA4,AA5,AA6,AA7,AA8,AA9,AA11,AA12,AA13,AA14,AA16,CBM1,CBM6,CBM12,CBM13,CBM18,CBM20,CBM21,CBM24,CBM32,CBM35,CBM36,CBM38,CBM42,CBM43,CBM46,CBM50,CBM52,CBM63,CBM66,CBM67,CBM87,CBM91,CE1,CE2,CE3,CE4,CE5,CE7,CE8,CE9,CE12,CE15,CE16,CE18,GH1,GH2,GH3,GH5,GH6,GH7,GH9,GH10,GH11,GH12,GH13,GH15,GH16,GH17,GH18,GH20,GH23,GH24,GH25,GH26,GH27,GH28,GH29,GH30,GH31,GH32,GH33,GH35,GH36,GH37,GH38,GH39,GH42,GH43,GH45,GH47,GH49,GH51,GH53,GH54,GH55,GH62,GH63,GH64,GH65,GH67,GH71,GH72,GH74,GH75,GH76,GH77,GH78,GH79,GH81,GH84,GH85,GH88,GH89,GH92,GH93,GH94,GH95,GH97,GH104,GH105,GH106,GH109,GH110,GH114,GH115,GH117,GH125,GH127,GH128,GH130,GH131,GH132,GH133,GH134,GH135,GH136,GH137,GH139,GH140,GH141,GH142,GH146,GH152,GH154,GH160,GH162,GH166,GH171,GH172,GT1,GT2_Chitin_synth,GT2_Glycos_transf,GT2_Glyco_tranf_2,GT2_Glyco_trans_2,GT3,GT4,GT5,GT8,GT13,GT15,GT17,GT20,GT21,GT22,GT24,GT25,GT31,GT32,GT33,GT34,GT35,GT39,GT43,GT48,GT50,GT54,GT55,GT57,GT58,GT59,GT61,GT62,GT64,GT66,GT69,GT71,GT76,GT77,GT81,GT83,GT90,GT91,GT109,PL1,PL3,PL4,PL7,PL8,PL9,PL11,PL20,PL22,PL26,PL27,PL35,PL38,PL42
Acarospora_aff._strigata_GCA_964256185.1,6,0,8,2,1,1,9,2,1,2,1,0,0,0,0,0,0,0,0,0,1,0,0,0,0,0,0,0,0,0,0,0,0,0,0,0,1,0,0,3,2,0,0,1,0,0,2,0,0,1,3,8,0,0,0,0,0,0,5,2,10,4,5,1,0,1,0,0,1,0,0,0,3,1,0,0,0,2,1,0,0,2,1,5,0,1,0,0,1,0,0,0,0,0,1,4,1,0,3,0,0,0,1,0,1,0,0,0,0,0,0,0,0,0,0,2,0,0,0,0,2,0,4,0,0,1,1,1,0,0,0,0,0,0,0,0,1,0,0,0,0,0,0,3,6,3,2,1,1,4,1,4,0,4,0,3,1,4,1,2,0,2,1,2,1,3,0,1,1,0,0,1,1,0,0,3,0,1,2,0,0,0,0,0,0,0,0,0,0,0,0,0,0,0,0,0,0,0,0,0,0
Acarospora_socialis_GCA_025617375.2,5,1,13,2,1,1,12,2,1,2,1,0,0,0,0,0,0,0,0,0,1,0,0,0,0,0,0,0,0,0,0,0,0,0,0,0,1,0,0,3,1,0,0,0,0,0,1,0,1,1,4,7,0,0,0,0,0,0,5,2,9,4,10,2,0,1,0,0,1,0,0,0,2,1,1,1,0,1,1,0,0,3,1,6,1,1,0,0,2,0,0,0,1,0,1,4,0,0,3,0,0,0,1,0,1,0,0,0,1,0,0,0,0,0,0,2,0,0,0,0,2,0,4,0,0,2,1,0,0,0,0,0,0,0,0,0,1,0,0,0,0,0,0,2,6,4,4,3,1,4,1,4,0,4,0,3,1,4,1,1,0,2,1,2,1,1,0,0,1,0,0,2,1,1,0,3,0,1,1,0,0,0,0,1,1,0,0,0,0,0,0,0,0,0,0,0,0,0,0,0,0
Acarospora_sp._Tripp_6053_NY-2858381_GCA_964255005.1,4,0,6,2,1,1,11,2,1,2,1,0,0,0,0,0,0,0,0,0,1,0,0,0,0,0,0,0,0,1,1,0,0,0,0,0,1,0,0,1,1,0,0,0,0,0,2,0,0,1,2,7,0,0,0,0,0,0,6,2,7,4,7,1,0,1,0,0,1,0,0,0,3,1,0,1,0,1,0,0,0,2,1,6,0,0,0,0,2,0,0,0,1,0,1,4,0,0,3,0,0,0,1,0,1,0,0,0,0,0,0,0,0,0,0,0,0,0,0,0,2,0,4,0,0,1,1,1,0,0,0,0,0,0,0,0,1,0,0,0,0,0,0,1,6,2,1,1,1,4,1,3,0,4,0,3,1,3,1,1,0,2,1,2,1,3,0,0,0,1,0,2,1,0,0,2,0,1,1,0,0,0,0,1,1,0,1,0,0,0,0,0,0,0,0,0,0,0,0,0,0
Pleopsidium_flavum_GCA_026027315.1,4,0,5,1,1,0,12,4,0,3,1,0,0,0,0,0,0,0,0,0,1,0,0,0,0,0,0,1,0,0,0,0,0,0,0,0,2,0,2,1,0,0,0,1,0,0,1,0,0,1,4,7,0,0,0,0,0,0,5,3,13,3,5,1,0,0,1,0,2,0,0,0,4,1,0,1,0,1,1,0,0,3,1,6,0,0,0,0,3,0,0,0,2,0,1,3,2,0,3,0,0,0,1,0,1,0,0,0,1,0,0,0,0,0,0,0,0,0,0,0,0,0,2,0,0,3,1,0,0,0,0,0,0,0,0,0,1,0,0,0,0,0,0,1,5,3,1,2,1,4,1,5,0,5,0,2,1,5,0,0,0,2,1,3,1,3,0,1,0,0,0,1,1,1,0,3,0,1,2,0,1,0,0,0,2,0,1,0,0,0,0,0,0,0,0,0,0,0,0,0,0
Trapelia_coarctata_GCA_022813945.1,6,3,18,2,1,1,18,1,1,1,1,0,0,0,0,0,1,0,0,1,1,0,0,0,0,0,0,0,0,2,1,0,0,0,0,0,2,0,0,2,1,0,0,1,0,0,1,0,2,1,3,7,0,0,0,1,0,1,8,1,10,3,7,1,0,0,0,0,1,0,0,0,4,1,0,1,0,1,1,0,0,1,1,6,0,0,0,0,2,0,0,0,1,0,0,4,0,0,4,0,0,1,1,0,0,0,0,0,0,0,0,0,0,0,0,1,0,1,0,0,1,0,4,0,0,2,1,0,1,0,0,0,0,0,0,0,0,0,0,0,0,0,0,5,7,2,2,2,1,4,1,3,0,6,0,3,1,4,1,3,0,1,1,4,1,3,0,1,1,0,0,1,1,1,0,3,0,1,2,2,1,0,0,0,1,0,1,0,0,0,0,0,0,0,1,0,0,0,0,0,0
Physcia_stellaris_GCA_018902385.1,8,2,27,2,3,1,19,1,3,4,2,0,0,0,0,0,0,0,2,1,1,0,1,0,0,0,0,0,0,1,0,0,0,0,0,0,1,0,3,2,2,0,0,1,0,0,4,0,0,2,4,9,0,0,0,0,0,2,7,1,11,5,11,3,0,2,1,1,1,0,0,1,3,1,1,1,0,1,1,0,0,1,2,6,0,0,0,0,2,0,0,1,1,0,2,4,1,1,6,0,0,0,2,0,1,0,0,0,2,0,0,0,0,1,0,0,1,0,0,0,1,0,6,0,0,2,1,1,2,0,0,0,0,0,1,0,1,0,0,0,0,0,0,2,7,4,3,4,0,3,2,4,0,4,0,0,1,4,1,2,0,2,1,5,1,2,0,1,1,0,0,2,1,1,0,4,0,1,4,8,1,0,0,0,0,0,2,0,0,0,0,0,0,0,1,0,0,0,0,0,0
Gyalecta_farlowii_GCA_964256515.1,8,3,13,3,3,1,14,2,5,2,1,0,0,1,0,0,0,0,2,0,1,0,1,0,0,0,0,1,0,0,0,0,0,0,0,0,2,0,2,2,2,0,0,1,0,0,0,0,0,2,4,8,0,0,0,0,0,1,3,1,9,3,3,2,0,0,1,0,1,0,0,0,4,1,1,1,0,2,1,0,0,2,0,7,0,0,0,0,2,0,0,1,1,0,1,3,0,0,5,0,0,1,1,0,0,0,0,2,1,0,0,0,0,1,0,0,0,0,0,0,2,0,4,0,1,2,1,1,0,0,0,0,0,0,0,0,0,0,0,0,0,0,0,1,5,2,2,1,1,2,1,3,0,5,0,3,1,3,0,1,0,4,0,2,1,3,0,1,0,0,0,2,0,0,0,3,0,1,0,1,1,0,0,0,1,0,2,0,0,0,0,0,0,0,0,0,0,0,0,0,0
Cetradonia_linearis_GCA_003521265.1,7,2,8,3,3,0,5,0,1,1,1,0,0,0,0,0,0,0,0,1,1,0,2,0,0,0,0,0,0,0,0,0,0,0,0,0,1,0,0,0,1,0,0,0,0,0,1,0,0,2,4,5,0,0,0,0,0,0,4,1,9,3,3,0,0,0,1,1,1,0,0,0,2,1,1,0,0,1,1,0,0,1,0,5,0,0,0,0,1,0,0,0,0,0,0,4,0,0,3,0,0,0,1,0,0,0,0,1,1,0,0,0,0,0,0,0,0,0,0,0,2,0,4,0,0,0,1,0,1,0,0,0,0,0,0,0,1,0,0,0,0,0,0,2,6,2,2,1,1,3,1,5,0,3,2,1,1,3,1,2,0,3,1,4,1,2,0,0,1,0,0,1,1,1,0,3,0,1,1,1,0,0,0,0,0,0,2,0,0,0,0,0,0,0,0,0,0,0,0,0,0
Cladonia_grayi_GCA_964255175.1,13,2,13,3,3,0,15,0,1,1,1,0,0,0,0,0,0,0,0,0,1,0,1,0,0,0,0,0,0,1,0,0,0,0,0,0,1,0,1,0,1,0,0,1,0,0,1,0,0,2,5,8,0,0,0,0,0,1,4,0,11,4,8,2,0,0,1,0,1,0,0,0,3,1,1,1,0,2,1,0,0,1,0,5,0,0,0,0,3,0,0,1,0,0,3,4,0,0,3,0,0,0,1,0,0,0,0,1,1,0,0,0,0,0,0,0,0,0,0,0,2,0,7,0,0,1,1,0,1,0,0,0,0,0,1,0,1,0,0,0,0,0,0,2,6,2,2,3,1,2,2,5,0,4,2,1,1,2,1,4,0,2,1,4,1,3,0,0,1,0,0,1,0,1,0,4,0,1,2,3,1,0,0,0,0,0,1,0,0,0,0,0,0,0,0,0,0,0,0,0,0
Cladonia_macilenta_GCA_000444155.1,10,3,14,3,5,1,11,0,1,1,1,0,1,0,0,0,0,0,0,1,1,0,1,0,0,0,0,0,0,1,0,0,0,0,0,0,2,0,1,1,2,0,0,1,0,0,1,0,0,3,5,7,0,0,0,0,0,0,5,1,11,4,6,2,0,0,1,0,1,0,0,0,2,1,1,1,0,1,1,0,0,1,0,5,0,0,0,0,2,0,0,1,1,0,3,4,0,0,5,0,0,0,1,0,0,0,0,1,1,0,0,0,0,0,0,0,0,0,0,0,2,0,9,0,0,1,1,1,1,0,0,0,0,0,1,0,1,0,0,0,0,0,0,2,6,2,2,3,1,3,2,6,0,4,1,1,1,3,1,5,0,4,1,2,1,3,0,0,1,0,0,1,0,1,0,4,0,1,1,5,0,0,0,0,0,0,1,0,0,0,0,0,0,0,0,0,0,0,0,0,0
Cladonia_metacorallifera_GCA_000482085.2,12,2,13,2,5,1,13,0,1,1,1,0,1,0,0,0,0,1,0,1,1,0,2,0,0,0,0,0,0,0,0,0,0,0,0,0,1,0,1,2,2,0,0,1,0,0,1,0,0,3,5,8,0,0,0,0,0,1,6,1,11,3,5,2,0,0,1,0,1,0,0,0,2,1,1,1,0,2,1,0,0,2,0,5,0,0,0,0,2,0,0,1,0,0,3,3,0,0,5,0,0,0,1,0,0,0,0,1,1,0,0,0,0,0,0,0,0,0,0,0,2,0,9,0,0,1,1,0,1,0,0,0,0,0,1,0,1,0,0,0,0,0,0,2,6,2,1,3,1,3,2,6,0,4,1,1,1,3,1,2,0,4,1,2,1,3,0,0,1,0,0,1,1,1,0,5,0,1,2,4,0,0,0,0,0,0,1,0,0,0,0,0,0,0,0,0,0,0,0,0,0
Cladonia_uncialis_GCA_002927785.1,13,2,19,2,3,1,25,0,0,1,1,0,1,0,0,0,0,0,0,1,1,0,2,0,0,0,0,0,0,0,0,0,0,0,0,0,1,0,1,0,3,0,0,1,0,0,1,0,0,3,5,8,0,0,0,0,0,1,4,1,11,3,7,3,0,0,1,0,1,0,0,0,3,1,1,1,0,2,1,0,0,2,0,5,0,0,0,0,2,0,0,1,1,0,3,3,0,0,5,0,0,0,1,0,0,0,0,1,1,0,0,0,0,0,0,1,0,0,0,0,2,0,7,0,0,1,1,1,1,0,0,0,0,0,1,0,1,0,0,0,0,0,0,2,6,2,2,4,1,3,2,6,0,4,2,1,1,3,1,5,0,4,1,4,1,3,0,0,1,0,0,1,1,1,0,4,0,1,4,4,0,0,0,0,0,0,1,0,0,0,0,0,0,0,0,0,0,0,0,0,0
Evernia_prunastri_GCA_003184365.1,11,3,31,1,2,0,14,1,1,3,3,0,0,0,0,0,0,1,0,1,1,0,2,0,0,0,0,0,0,0,0,0,0,0,0,0,3,0,0,1,2,0,0,1,0,0,3,0,0,2,3,8,0,0,0,0,0,3,8,1,11,3,8,2,0,0,0,1,1,1,0,1,3,1,0,0,0,2,1,0,0,1,1,5,0,1,0,0,3,0,0,2,1,0,4,5,0,0,8,0,0,0,2,0,1,0,0,0,1,0,0,0,0,1,0,2,0,1,0,0,2,0,10,0,0,0,1,0,2,0,0,0,0,0,0,0,0,0,0,0,0,0,0,2,5,3,7,2,1,3,3,8,0,5,1,1,1,4,1,4,0,7,1,3,1,3,0,1,1,0,0,1,1,1,0,3,0,1,5,4,0,0,1,1,2,0,1,0,0,0,0,0,0,0,0,0,0,0,0,0,0
Niebla_homalea_GCA_019925105.1,7,2,16,0,3,1,15,0,2,2,1,0,0,0,0,0,0,0,0,0,1,0,2,0,0,0,0,0,0,1,0,0,0,0,0,0,1,0,0,2,1,0,0,0,0,0,3,0,0,3,3,11,0,0,0,0,0,0,3,0,11,1,4,2,0,0,1,0,1,0,0,1,4,1,0,1,0,1,1,0,0,1,1,6,0,1,0,0,1,0,0,1,1,0,3,4,0,0,4,0,0,0,1,0,0,0,0,0,0,0,0,0,0,0,0,0,0,0,0,0,1,0,6,0,0,1,1,1,1,0,0,0,0,0,0,0,1,0,0,0,0,0,0,3,6,2,5,3,1,3,1,5,0,4,2,1,1,4,1,6,1,3,1,2,1,3,0,0,0,0,0,1,0,0,0,4,0,1,4,0,0,0,0,0,0,0,2,0,0,0,0,0,0,0,0,0,0,0,0,0,0
Pseudevernia_furfuracea_GCA_003184345.1,12,1,22,1,3,1,16,0,1,2,2,0,0,0,0,0,0,1,0,1,1,0,1,0,0,0,0,0,0,0,0,0,0,0,0,0,2,0,0,2,2,0,0,0,0,0,2,0,0,3,4,9,0,0,0,0,0,2,9,1,11,3,7,2,0,0,0,1,2,0,0,1,3,1,0,0,0,1,1,0,0,1,0,5,1,0,0,0,3,0,0,1,1,0,5,4,0,0,5,0,0,0,2,0,0,0,0,0,1,0,0,0,0,0,0,2,0,0,0,0,3,0,9,0,0,1,1,1,2,0,0,0,0,0,0,0,1,0,0,0,0,0,0,4,6,2,3,2,1,3,3,7,0,5,1,1,1,4,1,5,0,4,1,2,1,3,0,1,1,0,0,1,1,1,0,3,0,1,3,4,0,1,1,1,3,0,2,0,0,0,0,0,0,0,0,0,0,0,0,0,0
Ramalina_intermedia_GCA_003073195.1,8,2,13,1,3,1,18,0,2,2,1,0,0,0,0,0,0,0,0,0,1,0,2,0,0,0,0,0,0,1,0,0,0,0,0,0,1,0,0,2,2,0,0,0,0,0,2,0,0,3,3,11,0,0,0,0,0,1,4,0,11,2,7,2,0,0,1,1,1,0,0,0,3,1,0,1,0,1,1,0,0,1,1,6,0,1,0,0,1,0,0,1,1,0,4,4,0,1,4,0,0,0,1,0,0,0,0,0,0,0,0,0,0,0,0,0,0,0,0,0,2,0,6,0,0,1,1,0,2,0,0,0,0,0,0,0,1,0,0,0,0,0,0,3,6,2,2,2,1,3,2,4,0,4,1,1,1,3,1,8,2,3,1,2,1,2,0,0,0,0,0,2,1,1,0,4,0,1,3,0,1,0,0,0,0,0,2,0,0,0,0,0,0,0,0,0,0,0,0,0,0
Ramalina_peruviana_GCA_001956345.1,6,2,9,1,2,1,10,0,2,2,1,0,0,0,0,0,0,0,0,0,1,0,1,0,0,0,0,0,0,1,0,0,0,0,0,0,1,0,0,1,1,0,0,0,0,0,2,0,0,2,3,11,0,0,0,0,0,0,3,0,10,2,4,2,0,0,1,2,0,0,0,0,4,1,0,0,0,1,0,0,0,1,1,6,0,0,0,0,1,0,0,0,1,0,3,4,0,1,3,0,0,0,1,0,0,0,0,0,0,0,0,0,0,0,0,0,0,0,0,0,2,0,4,0,0,0,1,0,2,0,0,0,0,0,0,0,1,0,0,0,0,0,0,2,5,3,5,2,1,2,1,3,0,5,1,1,0,2,0,7,2,4,1,2,1,2,0,0,1,0,0,1,0,0,0,2,0,1,3,0,0,0,0,0,3,0,2,0,0,0,0,0,0,0,0,0,0,0,0,0,0
Stereocaulon_virgatum_GCA_042464655.1,11,2,9,2,3,1,10,1,1,1,1,0,0,0,0,0,0,0,0,1,1,0,2,0,0,0,0,1,0,0,0,0,0,0,0,0,1,0,0,2,2,0,0,1,0,0,1,0,0,3,4,6,0,0,0,0,0,0,3,1,9,3,5,2,0,0,1,0,1,0,0,0,3,1,0,1,0,2,1,0,0,1,0,5,0,0,0,0,3,0,1,1,1,0,3,4,0,0,6,0,0,0,1,0,1,0,0,0,0,0,0,0,0,0,0,1,0,2,0,0,3,0,5,0,0,1,1,0,0,0,0,0,0,0,0,0,1,0,0,0,0,0,0,2,7,2,3,2,0,5,3,4,0,4,3,1,1,4,1,5,0,2,1,5,2,2,0,1,1,0,0,1,1,1,0,4,0,1,1,3,1,0,0,0,0,0,1,0,0,0,0,0,0,0,0,0,0,0,0,0,0
Acanthothecis_fontana_GCA_964256675.1,11,1,22,3,2,1,25,2,6,1,1,0,0,0,0,0,0,0,0,1,1,0,0,0,0,0,1,1,1,0,0,0,0,0,0,1,2,0,2,0,7,0,2,1,1,2,4,0,2,2,9,14,1,4,0,2,3,1,9,2,15,3,6,4,0,0,1,1,1,6,0,2,7,1,1,4,0,1,0,0,0,12,1,8,1,2,1,1,3,1,0,2,1,1,2,3,1,0,6,0,1,5,1,0,2,0,0,5,2,0,1,0,0,0,1,0,0,1,1,0,2,1,4,0,2,1,1,0,1,0,0,0,0,0,1,1,1,1,0,0,0,0,0,1,7,2,3,2,1,3,1,1,0,6,0,3,1,3,0,1,0,2,1,2,1,4,1,0,1,0,0,2,0,1,1,2,0,1,0,5,1,0,0,0,1,0,1,1,0,0,2,0,0,0,0,0,0,0,0,0,0
Cyanodermella_asteris_GCA_900618795.1,8,2,30,2,2,2,15,2,3,1,1,0,1,1,0,0,0,0,0,3,1,0,0,0,0,0,3,0,0,0,0,0,0,0,0,1,2,2,1,1,6,0,3,1,2,0,6,0,3,3,8,17,1,1,0,1,2,1,3,3,16,5,6,2,0,1,1,1,1,10,1,0,5,2,2,3,0,0,1,0,0,7,0,8,0,2,1,4,4,0,0,4,1,1,2,5,0,1,12,0,2,2,3,0,0,0,0,5,3,0,1,0,0,2,1,1,0,2,0,0,2,1,9,0,1,2,1,0,1,0,0,0,0,0,0,1,1,1,0,0,1,0,0,2,7,3,1,3,1,3,0,3,0,3,0,3,1,4,1,2,0,1,1,2,1,3,0,2,1,0,0,2,1,1,0,3,0,1,0,2,1,0,0,0,2,0,1,1,1,0,1,0,0,0,0,0,0,0,0,0,0
Diploschistes_diacapsis_GCA_023645945.1,9,2,11,3,2,1,12,2,0,2,1,0,0,0,0,0,0,0,0,3,1,0,1,0,0,0,0,1,0,0,0,0,0,0,0,0,2,0,1,0,2,0,0,1,0,0,2,0,2,2,6,12,1,2,0,0,0,1,7,2,14,3,5,1,0,1,1,0,0,1,0,0,4,1,0,1,0,1,1,0,0,6,0,8,1,1,0,0,2,0,0,2,2,0,4,3,1,0,8,0,0,3,1,0,1,0,0,5,1,0,0,0,0,0,0,1,0,0,0,0,2,0,5,0,0,1,1,0,0,0,0,0,0,0,1,0,1,0,0,0,0,0,0,2,6,1,3,1,1,3,1,2,0,5,0,3,0,2,1,1,0,2,1,2,1,3,1,1,0,0,0,2,0,1,1,3,0,1,0,5,1,0,0,0,0,0,1,0,0,0,0,0,0,0,0,0,0,0,0,0,0
Fissurina_insidiosa_GCA_964256455.1,11,3,17,1,3,1,20,1,9,2,1,0,0,0,0,0,0,0,1,2,0,0,2,0,0,0,2,0,0,0,0,0,0,0,0,1,3,0,2,1,8,0,2,1,1,1,4,0,4,3,10,16,1,3,0,2,2,1,8,1,15,3,12,2,0,0,1,0,1,6,1,2,7,1,0,5,0,2,0,0,0,11,0,10,1,2,2,2,2,1,0,2,2,0,2,4,0,0,6,0,1,6,1,0,2,0,0,5,3,0,1,0,0,1,1,0,0,0,1,0,2,1,6,0,1,1,1,0,0,0,0,0,0,0,1,0,1,1,0,0,0,0,0,2,6,2,1,1,1,3,1,2,0,6,0,3,0,3,0,1,0,3,1,3,0,5,1,1,0,0,0,1,0,0,0,3,0,1,0,4,1,0,0,0,0,0,2,1,1,0,1,0,0,0,0,1,0,0,0,0,1
Fitzroyomyces_cyperi_CBS143170,8,4,25,3,3,1,26,4,30,3,1,1,1,0,0,0,0,0,0,2,1,0,2,0,0,0,1,1,0,0,0,0,0,1,0,3,4,1,7,2,8,0,2,2,4,3,7,0,3,5,15,14,3,4,0,6,4,1,8,1,16,4,12,3,0,1,1,1,1,6,1,1,9,4,0,2,0,1,1,0,0,18,2,5,1,1,1,2,5,1,0,3,0,1,1,4,0,1,8,0,3,3,1,0,0,0,1,5,2,1,1,0,0,2,0,1,0,1,2,0,2,2,6,0,4,2,1,1,1,0,0,0,0,0,0,2,1,1,0,0,0,0,0,3,7,2,2,2,1,3,1,5,0,5,0,3,1,4,1,2,0,7,1,2,0,3,0,1,1,0,0,2,1,1,2,3,0,1,3,5,0,0,0,0,2,0,1,7,3,4,1,0,1,0,1,0,0,0,0,0,1
Gomphillus_americanus_GCA_964255845.1,6,1,7,2,3,1,10,1,1,1,1,0,0,0,0,0,0,0,1,1,1,0,1,0,0,0,1,1,0,0,0,0,0,0,0,0,2,1,4,2,3,1,0,1,0,0,2,0,2,3,5,14,1,2,0,0,0,0,7,1,14,3,7,2,0,2,1,0,1,0,0,0,3,1,0,0,0,1,0,0,0,3,0,6,0,0,0,1,2,0,0,2,0,0,0,4,0,0,6,0,0,2,1,0,0,0,0,4,0,0,0,0,0,0,0,0,0,1,0,0,2,0,3,0,0,2,1,0,1,0,0,0,0,0,1,0,1,0,0,0,0,0,0,1,4,2,3,2,1,3,0,2,0,6,0,3,1,3,1,1,0,2,1,4,1,3,1,1,1,0,0,1,0,1,0,3,0,1,0,4,1,0,0,0,2,0,2,0,0,0,0,0,0,0,0,0,0,0,0,0,0
Gomphillus_calycioides_GCA_964255765.1,9,1,9,2,5,1,12,1,1,2,1,0,0,0,0,0,0,1,2,1,1,0,1,0,0,0,1,1,0,1,0,0,0,0,0,0,3,1,4,1,5,0,0,1,0,0,0,0,2,3,5,11,0,2,0,0,0,0,7,1,15,2,8,1,0,1,1,0,1,0,0,0,4,1,0,1,0,1,1,0,0,3,0,6,0,0,0,1,3,0,0,2,0,0,0,4,0,0,6,0,0,2,1,0,0,0,0,4,0,0,0,0,0,0,0,1,0,0,0,0,2,0,2,0,0,2,1,0,1,0,0,0,0,0,1,0,1,0,0,0,0,0,0,1,4,2,2,2,1,3,0,2,0,6,0,3,1,3,1,1,0,3,1,3,2,3,1,1,1,0,0,1,0,1,0,3,0,1,0,4,1,0,0,0,2,0,2,0,0,0,0,0,0,0,0,0,0,0,0,0,0
Graphis_lineola_GCA_056632675.1,18,3,25,2,2,1,24,2,10,2,1,0,0,0,0,0,0,0,0,3,1,0,2,0,0,0,1,1,0,0,0,1,0,0,0,1,3,1,2,1,9,0,4,0,3,1,7,0,3,2,11,17,1,3,0,2,2,3,10,2,14,3,7,3,0,1,0,0,3,11,1,2,6,1,0,4,0,1,0,0,0,11,1,6,1,2,2,1,2,1,0,3,1,1,1,3,0,0,7,0,2,6,2,0,2,0,0,5,2,0,1,0,0,0,1,0,0,1,1,1,1,1,4,0,2,1,1,0,1,0,0,0,0,0,1,0,1,2,0,0,0,0,0,1,6,2,2,2,1,3,1,2,0,6,0,3,1,4,0,1,0,4,1,2,1,4,1,1,1,0,0,1,0,1,1,3,0,1,0,5,0,0,0,0,1,0,1,2,1,1,1,0,0,0,0,0,0,0,0,0,0
Leucodecton_sp_GCA_964257275.1,15,4,22,3,2,1,23,1,7,2,1,0,0,0,0,0,0,0,0,2,0,0,1,0,0,0,1,1,1,0,0,0,0,0,0,0,4,0,1,0,4,0,3,0,1,2,4,0,3,2,12,17,1,3,0,2,2,3,9,2,16,3,7,4,0,0,0,0,1,6,1,2,4,0,0,4,0,1,1,0,0,9,0,9,1,3,0,1,2,1,0,2,1,1,2,3,0,0,7,0,1,3,1,0,1,0,0,5,2,0,1,0,0,0,0,1,0,1,1,0,2,1,3,0,2,1,1,1,1,0,0,0,0,0,1,1,1,1,0,0,0,0,0,2,5,1,3,3,1,2,1,2,0,6,0,3,1,2,1,1,0,4,1,2,1,3,1,1,1,0,0,1,0,0,1,3,0,1,0,5,0,0,0,0,0,0,2,1,0,0,0,0,0,0,0,0,0,0,0,0,0
Porina_heterospora_GCA_964256445.1,6,3,12,2,2,1,17,0,3,1,2,0,0,0,0,0,0,0,0,0,1,0,1,0,0,0,0,1,0,0,0,0,0,0,0,0,2,0,1,2,3,0,0,1,0,0,1,0,0,1,2,7,1,0,0,0,0,1,2,2,8,2,6,3,0,0,0,0,1,0,0,0,3,1,0,1,0,1,2,0,0,1,1,5,0,0,0,0,2,0,0,1,1,0,1,4,0,0,3,0,0,3,1,0,0,0,0,0,0,0,0,0,0,0,0,0,0,0,0,0,0,0,7,0,0,1,0,0,0,0,0,0,0,0,0,0,1,0,0,0,0,0,0,1,4,1,3,0,0,1,1,2,0,5,0,3,1,3,1,0,0,3,1,3,1,3,0,1,1,0,0,2,0,1,0,3,0,1,0,4,0,0,0,0,1,0,1,0,0,0,0,0,0,0,0,0,0,0,0,0,0
Stictis_urceolata_GCA_022814025.1,11,3,22,4,3,1,20,2,14,3,1,0,1,0,0,0,0,0,1,3,1,0,2,0,0,0,1,0,0,0,0,0,0,0,0,1,4,1,9,2,6,0,3,2,2,1,9,0,3,5,11,21,2,4,0,3,2,1,8,2,16,3,11,2,0,2,1,1,3,12,0,0,6,2,0,3,0,1,0,0,0,12,1,8,2,2,1,1,5,1,0,3,1,1,4,4,1,1,10,0,2,2,1,0,0,0,1,7,2,1,1,0,0,1,0,2,0,1,1,0,2,1,7,1,3,2,1,0,1,0,0,0,0,0,0,0,1,1,0,0,0,0,0,2,5,2,3,3,1,3,1,6,0,6,0,3,1,4,1,1,0,5,1,2,1,3,0,1,1,0,0,1,0,1,0,3,0,1,3,6,1,0,0,0,0,0,1,3,2,0,1,0,0,0,0,0,0,0,0,0,1
Thelotrema_lepadinum_GCA_022813995.1,21,4,25,3,5,1,30,2,10,3,1,0,0,0,0,0,0,0,0,2,1,0,2,0,0,0,1,1,1,0,1,0,0,0,0,0,4,1,2,0,8,1,3,1,1,2,7,0,3,2,13,17,1,3,0,2,2,3,7,2,16,3,9,4,0,0,1,0,2,8,1,2,6,1,1,5,0,2,0,0,0,11,1,10,1,2,1,1,2,1,0,3,1,1,3,3,0,0,7,0,2,6,1,0,3,0,0,4,2,0,1,0,0,0,1,1,0,1,1,0,2,1,4,0,2,1,1,1,1,0,0,0,0,0,1,1,1,1,0,0,0,0,0,3,5,2,2,2,1,3,1,2,0,5,0,3,1,3,1,1,0,4,1,2,1,3,1,1,0,0,0,1,0,1,2,3,0,1,0,5,0,0,0,0,0,0,1,2,1,0,0,0,0,0,0,0,0,0,0,0,0
Thelotrema_subtile_GCA_964256685.1,22,2,23,3,4,1,21,1,8,3,1,0,0,0,0,0,0,0,0,2,1,0,2,0,0,0,2,1,0,0,1,0,0,0,0,0,4,1,1,0,5,0,3,0,1,2,5,0,3,2,10,15,1,2,0,2,1,4,7,2,16,3,7,3,0,0,1,0,1,8,1,2,6,1,1,5,0,2,0,0,0,8,2,11,1,2,1,2,2,0,0,2,1,1,3,2,1,0,5,0,2,6,1,0,0,0,0,5,2,0,1,0,0,0,1,0,0,1,1,0,2,1,5,1,2,1,1,0,1,0,1,0,0,0,1,1,1,1,0,0,0,0,0,2,4,1,2,3,1,3,2,1,0,5,0,2,0,1,1,1,0,2,1,2,1,3,1,1,0,0,0,1,0,1,0,3,0,1,0,5,1,0,0,0,0,0,1,1,0,0,0,0,0,0,0,0,0,0,0,0,0
Lobaria_pulmonaria_GCA_964257085.1,8,2,23,2,5,1,23,0,4,2,1,0,0,0,0,0,0,0,0,1,1,0,3,0,0,0,0,0,0,2,0,0,0,0,0,0,1,0,3,1,2,0,0,0,0,0,1,0,0,3,5,8,0,0,0,0,0,0,3,1,8,4,10,2,0,1,0,0,1,0,0,0,2,2,0,0,0,1,1,0,0,0,0,5,0,0,0,0,3,0,0,0,1,0,3,5,1,1,3,0,0,0,2,0,0,0,0,0,0,0,0,0,0,0,0,1,0,0,0,0,0,0,5,0,0,2,1,0,2,0,0,0,0,0,0,0,1,0,0,0,0,0,0,3,6,2,4,2,1,3,0,4,0,4,1,0,1,3,1,2,0,3,0,3,1,3,0,1,1,0,0,1,1,0,0,2,0,1,5,6,1,0,0,0,0,0,0,0,0,0,0,0,0,0,1,0,0,0,0,0,0
Agyrium_rufum_GCA_022814335.1,7,5,15,2,3,1,11,2,9,1,1,0,0,0,0,0,0,0,0,2,1,0,1,0,0,0,0,0,0,0,0,1,0,0,0,0,1,1,0,3,1,0,3,1,1,2,3,0,4,1,5,15,1,2,0,3,3,2,7,2,10,3,11,1,0,0,0,0,1,6,0,1,3,1,0,1,0,1,1,0,0,5,1,6,0,2,1,0,1,2,0,2,0,1,3,4,3,0,5,0,0,2,1,0,1,0,0,1,1,0,0,0,0,1,0,2,0,0,1,0,2,0,4,0,3,2,1,0,1,0,0,0,0,0,0,0,1,1,0,0,0,0,0,2,6,1,1,3,1,2,1,4,0,6,0,3,1,2,1,1,0,2,1,3,1,3,1,1,1,0,0,2,0,1,0,3,0,1,3,5,0,0,0,0,0,0,0,0,0,0,0,0,0,0,0,0,0,0,0,0,0
Loxospora_ochrophaea_GCA_022814175.1,7,1,21,2,3,1,12,1,2,2,1,0,0,1,0,0,0,0,0,1,1,0,1,0,0,0,0,0,0,0,0,0,0,0,0,0,1,1,0,0,3,0,3,2,0,0,2,0,0,2,6,11,0,0,0,1,0,2,6,1,10,3,3,1,0,0,0,0,1,5,0,0,4,1,0,1,0,1,1,0,0,3,1,9,0,2,0,0,1,0,0,0,1,0,3,4,0,0,4,0,1,3,0,0,1,0,0,1,1,0,1,0,0,0,0,0,0,0,0,0,2,0,3,0,0,0,1,0,0,0,0,0,0,0,1,0,1,0,0,0,0,0,0,3,6,2,1,2,1,3,1,3,0,5,0,3,1,4,1,2,0,2,1,3,1,3,0,1,1,0,0,1,0,1,0,3,0,1,1,5,0,0,0,0,2,0,1,0,0,0,0,0,0,0,0,0,0,0,0,0,0
Gyalolechia_flavorubescens_GCA_000442125.1,4,2,20,2,6,1,17,0,3,2,2,0,0,0,0,0,0,0,0,0,1,0,4,0,0,0,0,0,0,1,0,0,0,0,0,0,1,0,2,2,1,0,0,0,0,0,3,0,0,1,3,8,0,0,0,0,0,1,8,1,13,3,8,2,0,1,1,0,0,0,0,1,2,1,1,1,0,0,1,0,0,2,1,4,0,1,0,0,2,0,0,1,1,0,1,5,1,1,4,0,0,1,2,0,1,0,0,0,2,0,0,0,0,0,0,1,0,1,0,0,1,0,8,0,0,2,1,1,1,0,0,0,0,0,1,0,1,0,0,0,0,0,0,3,7,2,6,3,1,3,2,4,0,4,1,0,1,4,1,2,0,3,1,2,1,3,0,1,1,0,0,2,1,0,0,4,0,1,3,3,0,0,0,0,0,0,3,0,0,0,0,0,0,0,0,0,0,0,0,0,0
Lasallia_hispanica_GCA_003254425.1,9,1,11,3,2,1,10,0,1,2,1,0,0,0,0,0,0,0,0,1,1,0,0,0,0,0,0,0,0,1,0,0,0,0,1,0,1,0,1,2,3,0,0,1,0,0,1,1,0,1,4,7,0,0,0,0,0,0,4,2,9,4,9,1,0,0,0,0,1,0,0,0,3,1,1,0,0,1,1,0,0,1,1,4,0,0,0,0,2,0,0,0,1,0,1,4,0,0,4,0,0,0,1,0,0,0,0,1,1,0,0,0,0,0,0,0,0,1,0,0,2,0,5,0,0,1,1,0,2,0,0,0,0,0,0,0,1,0,0,0,0,0,0,2,6,2,4,2,1,4,0,3,0,4,0,3,1,3,1,1,0,1,1,2,1,2,0,0,1,0,0,1,1,1,0,3,0,1,2,5,0,0,0,0,1,0,0,0,0,0,0,0,0,0,0,0,0,0,0,0,0
Umbilicaria_muehlenbergii_GCA_000611775.1,8,1,14,2,1,1,11,0,1,2,1,0,0,0,0,0,0,0,0,1,1,0,0,0,0,0,0,1,0,0,0,0,0,0,1,0,1,0,1,4,2,0,0,1,0,0,1,1,0,1,4,7,0,0,0,0,0,0,5,1,9,5,9,1,0,0,0,1,1,0,0,0,3,1,0,0,0,1,1,0,0,1,0,6,0,0,0,0,3,0,0,0,1,0,1,4,1,0,4,0,0,0,1,0,0,0,0,1,1,0,0,0,0,0,0,1,0,1,0,0,2,0,4,0,0,1,1,0,1,0,0,0,0,0,0,0,1,0,0,0,0,0,0,2,6,2,2,2,1,4,0,3,0,4,0,3,1,3,1,1,0,2,1,3,1,2,0,1,1,0,0,1,0,1,0,3,0,1,2,8,1,0,0,0,2,0,0,0,0,0,0,0,0,0,0,0,0,0,0,0,0
Capronia_coronata_GCA_000585585.1,9,3,13,4,0,1,2,1,1,2,1,0,0,0,0,0,0,0,0,0,1,0,0,0,0,0,0,0,0,1,0,0,0,1,0,0,2,0,0,5,1,0,0,2,0,0,1,0,3,4,5,6,0,0,0,1,0,2,9,1,17,3,6,2,0,0,0,0,0,0,0,0,5,1,0,1,0,1,1,0,0,4,0,7,0,1,0,0,2,0,1,1,0,0,0,4,0,0,6,0,3,1,1,0,0,0,0,0,0,0,0,0,0,1,0,1,0,0,0,0,1,0,2,1,0,2,1,0,0,0,0,0,0,0,0,0,1,0,0,0,0,0,0,3,6,1,4,3,1,3,1,3,0,3,0,4,1,3,0,1,0,4,1,4,1,3,0,1,1,0,0,1,1,1,0,3,0,1,3,4,0,0,0,1,1,3,0,0,1,0,0,0,0,0,0,0,0,0,0,0,0
Capronia_epimyces_GCA_000585565.1,14,3,12,5,1,1,10,2,1,2,1,0,0,0,0,0,0,0,0,0,1,0,0,0,0,0,0,0,0,1,0,0,0,0,0,0,1,0,0,7,0,0,0,2,0,0,1,0,1,2,6,4,0,0,0,0,0,1,7,1,19,4,5,0,0,0,0,0,0,0,0,0,4,0,0,0,0,1,0,0,0,1,0,8,0,1,0,0,2,0,0,1,1,0,0,4,0,0,6,0,0,2,2,0,0,0,0,0,1,0,0,0,0,1,2,2,0,1,0,0,1,0,3,2,0,2,1,0,0,1,0,0,0,0,0,0,1,0,0,0,0,0,0,3,5,2,5,3,1,4,1,3,0,3,1,3,1,3,0,2,0,5,1,5,1,3,0,1,1,0,0,2,1,1,0,3,0,1,4,4,0,0,0,0,2,3,0,0,0,0,0,0,0,0,0,0,0,0,0,0,0
Cladophialophora_carrionii_GCA_000365165.2,12,3,15,6,0,1,13,2,1,2,1,0,1,0,0,0,0,1,0,0,1,0,0,0,0,0,0,0,0,0,0,0,0,0,0,1,2,0,0,3,2,1,0,2,0,1,1,0,1,3,9,8,0,0,0,1,1,1,11,2,16,4,3,2,0,0,0,0,1,4,0,2,8,2,0,1,0,1,1,1,0,7,0,7,0,1,0,0,2,0,0,1,1,1,1,4,1,0,6,0,3,2,1,0,0,0,0,0,0,0,0,0,0,2,0,2,0,0,1,0,2,2,4,2,0,2,1,0,0,0,0,0,0,0,0,0,1,1,0,0,0,0,0,3,5,2,3,3,1,5,1,3,0,4,0,4,1,4,1,3,0,2,1,2,1,3,0,0,1,0,0,2,1,1,0,4,0,1,5,2,1,0,0,1,2,1,0,0,0,0,1,0,0,0,0,0,0,0,0,0,0
Cladophialophora_psammophila_GCA_000585535.1,15,6,21,12,2,0,14,3,0,1,1,0,1,0,0,0,0,0,0,0,1,0,0,0,0,0,0,0,0,0,0,0,0,2,0,1,1,0,0,3,0,0,0,2,0,0,1,0,2,6,7,9,0,0,0,1,0,1,11,2,15,4,5,2,0,0,0,0,2,3,0,2,8,2,0,0,0,1,0,1,0,8,0,5,0,1,0,0,2,0,0,1,1,1,0,4,1,0,6,0,2,3,1,0,0,1,0,0,0,0,2,0,0,2,0,2,0,0,0,0,1,1,4,1,0,2,1,0,0,0,0,0,0,0,0,0,1,1,0,0,0,0,0,5,5,2,6,2,1,6,1,3,0,5,0,4,1,3,1,3,0,3,1,2,1,3,0,1,1,0,0,1,1,1,1,3,0,1,6,3,1,0,0,1,2,2,0,0,0,0,0,0,0,0,0,0,0,0,0,0,0
Exophiala_sideris_GCA_000835395.1,13,3,19,7,2,1,9,2,0,2,1,0,0,0,0,0,0,1,0,0,1,0,0,0,0,0,0,0,0,1,0,0,0,1,0,0,4,0,0,5,0,0,0,4,0,1,2,0,2,6,9,7,0,0,1,1,0,2,15,2,19,2,7,2,0,0,0,0,1,4,0,2,4,2,0,2,0,1,1,0,0,8,0,5,0,2,0,0,2,0,0,1,1,1,0,4,1,0,7,0,2,3,1,0,0,0,1,0,1,0,0,0,0,1,1,5,0,1,0,0,3,6,2,0,0,2,1,0,0,0,0,0,0,0,1,0,1,1,0,0,0,0,1,4,6,2,6,2,1,5,2,4,0,3,0,5,1,3,0,2,1,4,1,5,1,3,0,1,1,0,0,2,1,1,0,3,0,1,3,5,1,0,0,1,2,0,0,0,0,0,0,0,0,0,0,0,0,0,0,0,0
Fonsecaea_erecta_GCA_001651985.1,14,5,25,6,1,1,14,2,0,2,1,0,0,0,0,0,0,0,0,0,1,0,0,0,0,0,0,0,0,0,0,0,0,1,0,1,3,0,0,6,0,0,0,2,0,0,1,0,2,6,6,8,0,0,0,1,0,1,10,2,16,4,4,2,0,0,0,0,2,2,0,2,7,2,0,0,0,1,1,1,0,10,0,5,0,2,0,0,3,0,0,2,1,1,1,4,1,0,6,0,1,2,1,0,1,0,0,0,1,0,2,0,0,1,0,3,0,0,0,0,1,2,4,1,0,1,1,0,0,0,0,0,0,0,0,1,1,1,0,0,0,0,0,3,5,2,4,1,1,5,2,3,0,4,0,4,1,4,1,3,0,3,1,2,1,3,0,1,1,0,0,2,0,1,0,3,0,1,5,4,1,0,0,1,2,2,1,0,0,0,0,0,0,0,0,0,0,0,0,0,0
Knufia_petricola_GCA_002319055.1,10,1,10,0,1,1,7,2,4,1,1,0,0,1,0,0,0,0,0,2,1,0,0,0,0,0,0,1,0,0,0,0,0,1,0,1,3,0,0,3,2,0,1,1,0,0,1,0,2,4,8,6,0,0,1,1,0,2,13,2,18,3,5,1,0,0,0,0,3,5,0,0,6,1,1,2,0,1,1,0,0,8,0,6,0,2,0,0,3,0,0,1,1,1,1,6,1,0,7,0,2,3,2,0,0,0,0,0,1,0,0,0,0,0,1,0,0,1,0,0,2,1,2,0,0,2,1,0,0,0,0,0,0,0,1,1,1,0,0,0,0,0,0,3,5,2,4,1,1,4,3,4,0,4,0,5,1,3,1,1,0,3,1,4,1,3,0,1,1,0,0,2,1,0,0,5,0,1,1,5,0,0,0,0,4,0,0,1,1,0,0,0,0,0,0,0,0,0,0,0,0
Phialophora_attae_GCA_001299255.1,9,3,24,6,2,1,12,2,6,1,1,0,1,0,0,0,0,0,0,1,1,0,0,0,0,0,0,0,0,1,0,0,0,2,0,2,1,0,2,6,6,1,0,2,0,0,1,1,2,7,13,4,0,0,0,3,2,2,13,1,18,1,5,3,0,0,0,0,1,1,0,0,5,2,0,2,1,1,1,0,0,6,0,10,0,2,0,0,3,1,0,2,1,1,0,5,1,0,5,0,3,2,0,0,0,0,0,1,2,0,2,0,0,2,0,1,0,2,0,0,2,1,3,2,0,2,1,0,1,0,0,0,0,0,0,0,1,1,0,0,1,0,0,5,7,2,3,2,1,6,1,3,0,4,3,5,1,4,1,3,0,3,1,5,1,3,0,1,1,0,0,2,1,1,0,4,0,1,2,4,1,0,0,0,3,2,0,0,1,0,0,0,0,0,0,0,0,0,0,0,0
Monascus_purpureus_GCA_003184285.1,7,2,11,2,0,1,9,1,1,2,0,0,0,0,0,0,0,0,0,0,1,1,0,0,0,0,0,2,0,2,0,0,0,1,0,0,2,0,1,5,1,0,0,1,0,0,1,0,0,3,7,5,0,0,0,1,0,1,13,1,11,3,5,1,0,0,1,0,0,1,1,1,2,0,0,1,1,1,1,0,0,3,0,6,0,0,0,0,5,0,0,0,1,0,2,5,0,2,4,0,0,0,1,0,0,0,0,1,1,0,0,0,0,0,0,1,0,1,0,0,1,0,1,0,0,2,1,0,0,0,0,0,0,0,0,0,0,0,0,0,0,1,1,1,5,2,4,0,1,3,3,3,0,3,0,5,1,3,1,0,0,4,0,3,1,2,0,1,1,0,0,2,0,1,0,3,0,1,1,3,1,0,0,0,0,0,0,1,0,0,1,0,0,0,0,0,0,0,0,0,0
Penicillium_chrysogenum_GCA_000710275.1,10,3,24,3,3,1,28,1,4,8,0,2,0,1,0,0,0,0,1,3,1,1,0,0,0,0,1,2,1,2,0,1,0,3,0,2,3,0,3,5,5,0,2,1,2,1,2,1,3,7,16,13,1,2,0,3,1,3,15,3,16,3,13,2,0,0,1,1,0,5,0,1,12,6,2,3,1,1,1,0,1,13,0,5,0,2,0,1,3,1,0,2,1,1,6,6,1,1,8,0,4,2,1,1,0,0,0,4,2,0,1,0,0,1,1,3,0,2,0,1,1,0,1,0,1,2,1,3,2,0,0,0,0,0,0,1,0,1,0,0,0,0,1,1,8,2,4,1,1,4,4,3,0,3,0,8,1,4,1,2,0,5,1,2,1,3,0,1,1,0,0,2,1,1,0,3,0,1,2,3,1,0,0,0,4,0,4,5,1,1,0,0,0,0,1,1,1,0,0,0,0
Talaromyces_cellulolyticus_GCA_000829775.1,13,4,30,4,2,4,34,2,1,4,0,0,0,0,0,1,0,0,0,4,1,0,0,0,1,2,3,0,0,1,0,1,1,5,0,5,3,2,4,5,3,1,4,1,2,0,3,0,6,11,26,13,0,2,0,1,8,2,13,5,15,2,21,1,0,0,1,1,6,15,4,5,10,7,3,8,2,1,4,0,0,13,0,7,1,2,1,5,4,4,0,4,2,1,7,5,1,1,7,0,7,4,1,0,0,2,2,4,4,0,5,0,0,2,2,2,0,1,3,0,1,3,7,0,0,2,1,1,1,0,0,1,1,1,0,0,0,2,0,1,0,1,1,4,7,3,4,1,1,7,1,3,0,5,0,6,1,4,1,1,0,4,0,3,1,3,0,1,0,0,0,2,1,1,0,3,0,1,2,1,1,0,0,0,1,0,1,3,0,0,1,0,0,0,1,1,1,0,1,0,0
Thermoascus_crustaceus_GCA_001599835.1,6,2,17,4,0,1,12,0,3,3,0,0,0,0,0,0,0,0,0,1,1,0,0,0,0,0,0,1,0,2,0,0,0,0,1,0,1,0,2,6,0,0,1,1,0,1,3,1,2,3,10,8,0,1,0,2,0,0,10,2,10,3,12,2,0,1,1,0,2,4,1,0,7,1,0,1,0,1,1,0,0,6,0,7,0,1,1,0,3,0,0,1,1,1,3,5,1,1,5,0,1,1,1,0,0,0,1,6,1,0,0,0,0,0,0,2,0,1,1,0,1,0,1,1,0,2,0,0,1,0,0,0,0,0,0,0,1,1,0,0,0,0,0,2,5,2,1,1,1,4,2,2,0,3,0,6,1,4,1,1,0,3,1,2,1,3,0,1,1,0,0,2,0,1,0,3,0,1,2,2,0,0,0,0,2,0,2,0,0,0,1,0,0,0,0,0,0,0,0,0,0
Helicocarpus_griseus_GCA_002573585.1,3,2,26,4,1,1,27,3,14,4,1,2,0,1,0,0,0,0,0,2,1,0,0,1,0,0,0,0,0,1,0,0,0,0,1,5,8,0,5,4,9,0,1,1,2,2,3,1,1,6,13,9,3,3,0,3,4,2,8,1,9,4,13,2,0,2,1,1,1,1,0,1,5,1,0,1,1,2,1,0,0,18,3,9,0,1,1,0,4,1,0,0,1,1,1,4,1,0,6,0,0,0,1,0,0,1,0,1,3,1,0,0,0,1,0,3,0,1,1,0,1,1,1,0,2,2,1,1,1,0,0,0,0,0,0,1,0,2,0,0,0,1,0,1,6,2,2,0,1,4,2,4,0,2,1,3,1,4,1,0,0,3,1,2,1,3,0,1,1,0,0,2,0,1,1,3,0,1,2,3,0,0,0,0,4,0,0,3,1,1,0,0,1,0,0,0,0,0,0,0,0
Malbranchea_cinnamomea_GCA_900128795.2,3,3,8,2,1,2,11,1,8,6,0,1,0,0,0,0,0,0,0,1,1,0,0,0,0,0,0,1,0,1,0,0,0,2,0,1,3,0,0,5,5,0,0,1,0,1,1,0,2,4,11,6,1,2,0,3,1,1,5,2,10,3,13,2,0,1,1,0,1,0,0,0,7,0,1,1,0,1,1,0,0,6,0,5,0,2,0,0,2,0,0,0,1,1,1,3,1,1,3,0,2,0,1,0,0,0,0,2,1,0,1,0,1,0,0,3,0,0,0,0,1,1,1,0,1,2,1,0,0,0,0,0,0,0,0,1,0,2,0,0,0,1,0,0,5,1,1,0,1,4,1,3,0,4,0,3,1,4,1,0,0,3,1,2,1,3,0,1,1,1,0,2,1,0,0,3,0,1,1,2,1,0,0,0,1,0,3,2,1,1,0,0,0,0,0,0,0,0,0,0,0
Onygena_corvina_GCA_000812245.1,6,3,4,2,1,1,17,1,0,4,0,0,0,0,0,0,0,0,0,1,1,0,0,0,0,0,0,0,0,0,0,0,0,0,0,0,2,0,1,3,2,0,0,1,0,0,0,0,0,2,5,4,0,0,0,0,0,0,2,1,10,4,10,2,0,1,1,0,0,0,0,0,2,0,1,0,0,1,1,0,0,1,0,6,0,0,0,0,2,0,0,0,1,0,0,4,0,1,3,0,0,0,1,0,0,0,0,1,0,0,0,0,0,0,0,2,0,0,0,0,1,0,1,0,0,2,1,0,0,0,0,0,0,0,0,0,0,0,0,0,0,0,0,1,6,2,1,0,1,4,0,1,0,3,0,4,1,3,1,0,0,4,1,2,1,3,0,1,1,0,0,1,0,0,0,2,0,1,3,2,1,0,0,0,2,0,1,0,0,0,0,0,0,0,0,0,0,0,0,0,0
Uncinocarpus_reesii_GCA_000003515.2,1,3,4,2,1,1,7,1,0,3,1,0,0,0,0,0,0,0,0,1,2,0,0,0,0,0,0,1,0,1,0,0,0,0,0,0,1,0,0,2,1,0,0,1,0,0,0,0,0,2,5,2,0,0,0,0,0,0,4,1,9,4,13,3,0,0,0,0,0,0,0,0,1,0,0,0,0,1,1,0,0,1,0,6,0,0,0,0,2,0,0,0,1,0,1,4,1,1,3,0,0,0,1,0,0,0,0,2,0,0,0,0,0,0,0,0,0,0,0,0,1,0,1,0,0,2,1,0,0,0,0,0,0,0,0,0,0,0,0,0,0,0,0,2,6,2,2,0,2,4,2,2,0,3,0,4,1,2,1,0,0,2,1,3,1,3,0,1,0,0,0,2,0,1,0,3,0,1,4,3,1,0,0,0,1,0,2,0,0,0,0,0,0,0,0,0,0,0,0,0,0
Phaeomoniella_chlamydospora_GCA_001006345.1,11,3,13,4,0,1,8,3,4,2,1,0,0,1,0,0,0,0,0,1,1,1,0,0,0,0,1,1,0,0,0,1,0,0,2,1,1,0,1,4,3,0,3,2,1,0,3,2,2,2,14,16,0,1,0,1,1,2,20,4,18,2,3,2,0,0,0,0,3,8,2,1,3,2,0,5,0,1,1,0,0,9,0,7,2,3,0,1,2,0,0,2,1,0,4,6,1,0,7,0,2,4,0,0,0,1,0,2,0,0,0,0,0,1,0,0,0,3,1,0,2,1,6,0,1,3,1,0,6,0,0,0,0,0,1,2,1,1,0,0,0,0,0,5,5,3,3,4,1,4,6,4,0,3,1,3,0,4,1,0,0,3,1,3,1,3,0,1,1,0,0,2,1,1,1,3,0,1,4,8,1,0,0,1,2,1,0,1,1,1,0,0,0,0,0,0,1,0,0,0,1
Pseudophaeomoniella_oleicola_GCA_003868215.1,7,2,12,3,1,1,12,3,5,3,1,0,0,1,0,0,0,0,0,2,1,1,0,0,0,0,0,1,0,0,0,0,0,1,1,1,3,0,1,2,2,0,4,2,2,0,3,1,3,2,14,13,0,1,0,1,0,1,17,4,16,2,2,2,0,0,0,0,1,6,2,1,6,2,0,5,0,1,0,0,0,9,1,8,2,2,2,0,2,0,0,1,1,0,6,5,1,0,6,0,3,2,0,0,0,0,1,3,1,0,0,0,0,1,0,0,0,1,0,0,2,2,4,0,1,2,1,0,5,0,0,0,0,0,0,1,1,0,0,0,0,0,0,3,5,2,2,1,1,4,5,4,0,4,1,4,1,3,1,0,0,2,1,2,1,3,0,1,1,0,0,2,1,1,1,4,0,1,2,7,1,0,0,0,7,0,0,1,1,1,0,0,0,0,0,0,1,0,0,0,0
Pyrenula_aspistea_GCA_021030945.1,14,3,28,4,4,1,33,4,18,1,1,0,0,1,0,0,0,0,0,1,1,0,0,0,0,0,1,1,1,0,0,1,0,0,1,0,3,2,4,3,9,0,4,2,3,2,5,1,3,3,9,17,1,3,0,4,3,2,12,2,13,3,11,1,0,0,0,0,4,13,1,3,8,2,1,3,0,1,0,1,0,10,0,7,1,3,3,1,4,1,0,2,1,1,1,5,2,1,6,0,2,8,1,0,0,0,0,5,3,0,1,0,0,1,2,1,0,2,1,0,2,2,9,0,3,2,1,0,2,0,0,0,0,0,1,1,1,1,0,0,0,0,0,4,5,2,2,1,1,3,3,6,0,4,2,4,1,3,1,4,0,4,1,4,1,3,0,0,1,0,0,1,1,1,0,3,0,1,5,7,1,0,0,0,2,0,0,4,2,3,0,0,1,0,1,0,0,0,0,0,0
Pyrenula_massariospora_GCA_021030905.1,13,3,25,3,1,1,25,4,15,1,1,0,0,1,0,0,0,0,1,1,1,0,0,0,0,0,1,1,1,0,0,0,0,0,1,1,3,1,2,3,8,0,3,2,3,1,6,1,2,2,9,18,1,3,0,4,4,2,15,2,16,4,11,2,0,0,0,0,3,13,1,1,8,1,2,3,0,1,0,0,0,10,1,6,1,3,3,1,4,1,0,2,1,1,1,5,1,1,7,0,2,8,1,0,0,0,1,5,3,0,1,0,0,2,2,1,0,1,1,0,2,1,7,0,3,2,1,0,2,0,0,0,0,0,1,0,0,1,0,0,0,0,0,4,6,3,3,2,1,3,3,7,0,3,1,3,1,3,1,4,0,3,1,3,1,3,0,0,1,0,0,1,1,1,0,3,0,1,4,8,1,0,0,0,4,0,0,3,2,3,0,0,1,0,1,0,0,0,0,0,0
Pyrenula_ochraceoflavens_GCA_051942085.1,9,3,26,3,1,1,23,5,17,1,1,0,0,1,0,0,0,0,0,1,1,0,0,0,0,0,1,1,0,0,0,1,0,0,1,1,4,2,3,3,7,0,3,2,3,1,6,1,2,2,9,16,1,3,0,4,4,3,13,2,13,2,6,2,0,0,0,0,5,9,1,4,6,2,2,4,0,1,0,1,0,9,0,7,1,3,1,1,2,1,0,2,1,1,1,5,2,0,6,0,1,6,1,0,0,0,0,6,3,0,1,0,0,0,2,1,0,1,1,0,2,1,7,0,3,2,1,0,2,0,0,0,0,0,1,1,1,1,0,0,0,0,0,6,6,1,1,2,1,3,3,5,0,4,1,2,1,3,1,3,0,4,1,3,1,3,0,1,1,0,0,1,1,1,0,3,0,1,5,8,1,0,0,0,2,0,0,3,1,0,0,0,0,0,0,0,0,0,0,0,0
Pyrenula_pseudobufonia_GCA_964255335.1,13,3,20,3,1,1,24,2,14,1,1,0,0,1,0,0,0,0,0,1,1,0,0,0,0,0,1,0,0,0,0,1,0,0,1,0,0,1,1,3,7,0,3,0,3,1,4,1,3,2,8,13,1,3,0,3,1,3,13,2,12,3,5,1,0,0,0,0,2,12,1,1,7,2,1,3,0,1,0,0,0,8,1,5,1,3,3,1,4,0,0,1,1,1,1,4,1,0,6,0,2,5,1,0,0,0,0,5,3,0,1,0,0,2,1,1,0,2,1,0,2,1,7,0,2,2,1,0,2,0,0,0,0,0,1,0,1,1,0,0,0,0,0,2,6,1,2,1,1,4,4,6,0,4,1,3,1,2,1,3,0,3,1,2,1,3,0,1,1,0,0,1,1,1,0,3,0,1,4,8,0,0,0,0,2,0,0,2,2,3,0,0,1,0,1,0,0,0,0,0,0
Pyrenula_sp_1_TL2023_GCA_052059035.1,13,2,25,3,1,1,29,4,16,2,0,0,0,1,0,0,0,0,0,1,1,0,0,0,0,0,1,0,0,0,0,0,0,0,1,0,3,2,2,1,6,0,2,2,3,1,5,1,2,1,9,14,1,2,0,5,1,2,11,1,10,4,2,2,0,0,0,0,2,11,0,0,1,2,0,3,0,1,1,1,0,9,1,5,1,3,2,1,3,1,0,2,1,0,1,4,2,0,6,0,1,6,1,0,0,0,0,4,2,0,0,0,0,0,1,0,0,1,1,0,2,3,4,0,1,2,0,0,2,0,0,0,0,0,0,1,1,1,0,0,0,0,0,3,5,2,1,2,1,3,3,8,0,4,1,3,1,2,1,1,0,3,1,2,0,3,0,1,1,0,0,1,1,1,0,2,0,1,5,3,0,0,0,0,2,0,0,2,1,3,0,0,0,0,1,0,0,0,0,0,0
Bogoriella_megaspora_GCA_026027345.1,18,3,30,3,2,1,19,4,9,3,1,0,0,1,0,0,0,0,1,1,1,0,0,0,0,0,1,0,0,0,0,0,0,0,0,3,4,2,2,2,7,0,2,2,3,4,8,0,1,2,11,15,1,2,0,4,5,1,8,1,16,4,10,4,0,0,1,0,3,10,1,4,10,1,0,4,0,1,0,1,0,17,0,10,1,4,2,1,4,2,0,3,1,1,3,4,1,0,9,0,1,5,1,0,1,0,0,5,2,0,1,0,0,0,1,0,0,1,1,0,2,1,3,1,3,1,1,0,2,0,0,0,1,0,1,1,1,1,0,0,0,0,0,3,5,1,2,0,1,5,1,7,0,4,0,3,1,4,1,0,0,4,1,3,1,2,0,1,1,0,0,1,0,1,0,3,1,1,1,3,0,0,0,0,5,0,1,1,1,1,1,0,0,0,1,0,0,0,0,0,0
Dermatocarpon_miniatum_GCA_023184605.1,5,2,12,0,1,1,13,2,4,2,1,0,0,0,0,0,0,0,0,0,1,0,0,0,0,0,0,0,0,0,0,0,0,0,1,0,1,0,0,4,0,0,0,1,0,0,0,1,0,2,3,7,0,0,0,0,0,0,7,2,14,4,4,1,0,0,0,0,1,0,0,0,3,2,0,0,0,2,1,0,0,1,0,3,0,0,0,0,2,0,0,1,1,0,1,4,1,0,4,1,0,1,1,0,0,0,0,0,0,0,0,0,0,0,0,0,0,2,0,0,1,0,3,0,0,1,1,0,1,0,0,0,0,0,0,0,1,0,0,0,0,0,0,2,5,3,2,1,1,4,2,2,0,4,0,3,1,4,0,0,0,2,1,3,1,3,0,1,1,0,0,1,1,1,0,3,0,1,2,2,0,0,0,0,1,0,2,0,0,0,0,0,0,0,0,0,0,0,0,0,0
Endocarpon_pusillum_GCA_000611755.1,4,4,17,0,0,1,12,2,3,2,1,0,0,0,0,0,0,0,0,0,1,0,0,0,0,0,0,0,0,1,0,0,0,0,0,0,2,0,0,1,0,0,0,1,0,0,0,1,0,1,3,8,0,0,0,0,0,0,13,3,11,4,9,2,0,1,0,0,1,0,0,0,4,2,0,0,0,1,1,0,0,2,0,5,0,1,0,0,2,0,0,1,1,0,1,4,0,0,4,0,0,1,1,0,0,0,0,0,0,0,0,0,0,0,0,0,0,2,0,0,1,0,4,0,0,2,1,0,1,0,0,0,0,0,0,0,1,0,0,0,0,0,0,1,6,2,6,3,1,4,2,2,0,3,0,3,1,4,1,1,0,3,1,5,1,3,0,1,1,0,0,1,0,1,0,3,0,1,2,0,1,0,0,0,2,0,0,0,0,0,0,0,0,0,0,0,0,0,0,0,0
Coniochaeta_ligniaria_GCA_001879275.1,15,6,21,4,1,1,18,9,16,3,5,1,0,3,0,0,0,0,1,4,1,6,0,0,0,1,1,1,0,3,1,1,1,0,0,5,10,1,5,8,7,0,4,1,3,4,4,0,3,9,18,17,3,8,0,7,5,1,13,3,16,2,11,1,0,0,1,0,3,10,0,5,9,4,0,4,0,2,1,0,0,18,4,11,0,3,1,1,11,1,0,2,0,1,9,4,0,1,10,0,2,3,1,0,0,1,1,2,2,1,1,0,0,1,3,2,0,1,2,1,4,5,6,1,4,1,1,0,0,0,0,0,0,0,1,1,1,1,0,1,0,0,1,6,6,2,4,3,1,5,3,2,0,4,1,3,1,3,1,2,0,5,1,2,1,3,0,1,1,0,0,2,1,0,1,3,0,1,3,2,1,0,0,0,3,0,1,0,1,3,2,0,0,0,1,0,1,0,0,2,1
Coniella_lustricola_GCA_003019895.1,12,5,13,2,0,1,17,2,7,5,1,0,0,1,0,0,0,0,0,1,1,1,0,0,0,0,1,0,0,0,0,0,0,2,2,3,2,0,1,3,11,0,5,1,2,0,5,1,3,5,18,15,0,4,0,3,2,5,12,2,15,2,9,2,0,0,0,0,3,18,2,3,6,1,0,5,0,1,0,0,1,13,0,7,0,2,1,1,3,0,1,2,1,0,4,7,1,0,11,0,5,5,1,0,0,0,0,3,2,1,2,0,0,2,1,1,0,2,2,0,4,1,4,0,3,1,1,0,4,0,0,0,0,0,0,1,1,1,0,0,0,0,0,2,6,3,2,0,1,4,3,2,0,4,0,3,1,3,1,1,0,3,1,2,1,3,0,1,1,0,1,2,1,1,1,4,0,1,2,4,1,0,0,0,2,0,0,3,1,2,0,0,0,0,0,3,0,0,0,0,1
Diaporthe_longicolla_GCA_000800745.1,22,14,75,8,2,1,68,9,30,7,2,1,0,3,0,0,0,0,0,3,1,3,0,1,0,0,1,1,0,5,0,1,2,3,3,6,6,1,6,5,15,0,6,1,4,3,5,4,7,8,24,27,4,8,0,7,4,2,18,1,20,3,20,3,0,0,0,1,3,18,4,4,6,5,1,7,1,2,1,1,1,37,1,12,0,3,4,1,4,1,0,4,2,1,7,9,4,0,13,0,9,10,2,0,0,1,0,9,4,1,2,0,0,7,3,4,0,3,3,1,3,2,6,0,7,2,1,0,2,0,0,0,0,0,1,3,1,1,0,0,0,0,0,5,6,2,4,2,1,6,4,5,0,5,0,3,1,4,1,3,0,4,1,2,1,3,0,1,0,0,1,2,1,1,2,3,0,1,4,8,1,0,0,0,4,0,0,19,10,8,0,0,2,2,0,1,1,1,0,0,1
Colletotrichum_graminicola_GCA_000149035.1,18,10,34,4,3,1,30,6,27,3,3,0,0,2,1,1,0,0,2,3,1,2,0,1,1,0,1,2,0,4,0,0,0,0,0,3,7,1,5,12,11,0,3,1,4,1,3,0,1,6,18,15,3,6,0,9,6,4,13,3,21,2,17,3,0,0,0,1,2,7,2,2,6,3,0,5,1,2,2,0,0,16,2,11,0,2,2,1,4,2,0,1,1,1,5,6,1,0,9,0,2,4,2,0,0,1,0,4,3,0,0,0,0,4,1,2,0,1,2,1,3,1,3,0,6,2,1,0,0,0,0,0,0,0,0,2,1,3,0,0,0,0,0,6,6,3,4,2,1,5,3,4,0,3,2,3,1,4,1,2,1,1,1,2,1,3,0,1,1,0,0,2,1,1,0,3,0,1,4,3,1,0,0,0,2,0,0,7,3,3,0,0,1,0,0,0,1,0,0,0,0
Verticillium_dahliae_GCA_000150675.2,6,7,24,2,2,1,22,2,25,2,2,1,0,2,0,0,0,0,0,2,0,2,0,1,0,1,1,1,1,1,0,1,0,4,1,4,6,1,5,8,12,0,4,1,4,0,3,2,2,5,16,13,4,6,0,4,5,3,7,3,12,3,15,3,0,1,0,1,1,11,0,1,6,2,0,4,0,2,1,0,0,20,2,7,1,2,1,1,3,0,0,2,0,1,2,4,2,1,8,0,6,2,2,0,0,3,0,3,1,0,1,0,0,5,1,2,0,3,3,0,1,1,2,0,2,2,1,0,1,1,0,0,0,0,0,1,0,2,0,0,0,0,0,4,6,3,2,4,1,5,0,2,0,4,0,3,1,4,1,0,2,2,1,3,1,3,0,1,1,0,0,2,1,1,1,3,2,1,2,0,1,0,0,0,4,0,1,15,11,5,0,0,2,0,0,0,1,0,0,0,0
Epichloe_typhina_GCA_000308955.1,6,3,10,2,1,1,7,2,1,3,1,0,0,0,0,0,0,0,0,1,1,0,1,0,0,0,1,0,0,1,0,0,2,0,0,1,2,0,1,3,4,0,1,1,0,0,1,0,1,3,6,4,0,0,0,1,0,1,3,2,17,2,10,1,0,0,0,0,0,2,0,1,3,2,1,1,0,2,1,0,0,2,0,8,0,0,0,1,4,1,0,2,0,0,0,5,1,0,8,0,0,0,1,0,0,0,1,2,1,0,0,0,0,1,0,1,0,0,1,0,3,0,2,0,0,2,1,0,0,0,0,0,0,0,0,0,1,0,0,1,0,0,0,2,6,2,3,1,1,3,0,3,0,3,1,4,1,4,1,1,1,0,1,3,1,3,0,1,1,0,0,2,1,1,1,3,1,1,1,0,1,0,0,0,3,0,0,0,0,0,0,0,0,0,0,0,0,0,0,0,0
Fusarium_oxysporum_GCA_000149955.2,20,8,36,6,4,1,54,5,14,4,3,1,2,1,0,1,0,0,1,2,10,2,3,0,1,3,1,0,0,4,0,2,0,11,0,7,6,1,6,8,9,0,4,1,4,0,5,0,6,8,29,21,1,3,0,5,3,1,11,3,29,4,28,3,0,1,0,0,3,14,2,3,8,14,1,6,2,2,1,0,0,30,1,10,1,2,2,1,2,1,0,5,1,2,2,3,2,2,11,0,15,5,1,0,0,1,0,0,4,0,2,0,0,3,1,5,0,3,2,1,4,3,3,0,1,2,1,1,0,0,0,1,0,0,1,1,1,3,0,1,0,0,1,11,7,1,2,3,1,7,0,10,0,4,2,3,1,4,1,0,0,5,1,3,0,3,0,0,1,0,0,2,1,1,0,3,2,1,3,3,1,0,0,0,4,0,3,11,7,3,0,0,2,1,0,0,1,0,0,0,2
Trichoderma_reesei_GCA_000167675.2,8,5,13,3,0,1,21,0,3,3,1,0,1,0,0,0,0,0,0,1,1,1,0,0,0,0,2,2,0,0,0,0,2,0,0,1,3,0,2,3,4,0,0,1,0,1,2,0,2,7,13,8,1,2,0,1,3,2,4,1,15,1,19,3,0,1,1,0,6,4,0,5,3,0,0,1,1,2,1,1,0,2,1,8,0,0,0,2,6,1,0,3,2,1,4,5,1,2,8,0,1,3,2,0,0,0,2,7,0,0,5,0,0,2,1,1,0,0,1,0,2,0,4,0,0,2,1,0,0,0,0,0,0,0,0,0,0,1,0,0,0,0,0,3,6,2,2,2,1,5,0,3,0,4,1,4,1,4,1,1,0,6,1,2,1,3,0,1,1,0,0,2,1,1,0,3,2,1,3,1,1,0,0,0,4,0,1,0,0,0,2,1,0,0,2,0,0,0,0,1,0
Magnaporthe_grisea_GCA_002871045.1,18,10,23,3,4,1,30,7,23,7,5,1,0,3,0,2,0,0,5,3,1,0,0,0,2,0,1,0,0,2,1,1,1,2,0,3,9,1,5,12,19,0,2,1,4,1,2,0,2,8,19,15,3,7,0,6,5,4,10,2,19,2,15,3,0,1,0,0,2,4,3,1,6,2,1,0,0,2,2,0,0,19,1,9,0,3,1,1,4,2,0,2,1,1,1,5,1,1,8,0,3,2,2,0,0,1,0,7,1,1,2,0,0,2,1,2,0,1,3,0,3,2,5,0,6,2,1,0,1,0,0,0,0,0,0,1,1,2,0,0,0,0,0,6,6,2,3,1,1,4,1,2,0,5,1,3,1,4,1,6,0,8,1,2,1,3,0,1,1,0,1,1,1,0,3,3,0,1,3,4,1,0,0,0,2,0,0,2,1,1,0,0,0,0,1,0,1,0,0,0,1
Ceratocystis_platani_GCA_000978885.1,7,2,7,3,0,1,8,4,4,3,0,0,0,1,0,0,0,0,3,2,1,0,0,0,0,0,0,0,0,0,0,1,0,0,0,1,2,0,1,2,0,0,0,1,0,0,0,0,1,2,6,6,0,1,0,1,1,1,3,2,14,2,14,1,0,0,0,0,0,1,0,1,2,2,0,0,0,3,1,0,0,3,0,5,0,2,1,0,3,0,0,1,0,0,0,4,1,0,5,0,0,0,1,0,0,0,0,1,1,0,0,0,0,0,0,1,0,0,0,0,2,0,1,0,2,2,1,0,0,0,0,0,0,0,0,0,0,0,0,0,0,0,0,1,6,2,3,0,1,4,0,5,0,3,0,3,1,4,0,0,0,1,1,3,1,3,0,1,1,0,0,2,1,1,0,3,0,1,1,0,1,0,0,0,0,0,0,3,1,1,0,0,0,0,0,0,0,0,0,0,0
Thielaviopsis_musarum_GCA_001513885.1,7,4,7,3,0,1,5,2,5,3,1,0,0,1,0,0,0,0,0,2,1,0,0,0,0,0,0,1,1,0,0,0,0,0,0,2,3,0,1,2,1,0,0,1,0,0,0,0,1,3,7,10,0,2,0,3,2,1,3,2,10,1,7,1,0,0,0,0,0,1,0,2,2,2,0,0,0,2,0,0,0,5,1,5,0,2,1,0,2,0,0,1,0,0,0,4,1,0,5,0,0,0,0,0,0,0,0,2,1,0,0,0,0,0,0,1,0,0,1,0,2,0,2,0,2,1,1,0,0,0,0,0,0,0,0,0,0,0,0,0,0,0,0,1,6,2,3,2,1,4,0,5,0,4,1,3,1,4,1,1,0,1,1,3,1,3,0,1,1,0,0,2,1,1,1,3,0,1,1,1,1,0,0,0,1,0,0,2,1,1,0,0,0,0,0,0,0,0,0,0,0
Podospora_anserina_GCA_000226545.1,16,4,33,6,1,1,30,7,30,3,4,1,1,1,0,0,0,0,1,3,1,0,0,1,1,0,0,1,0,5,2,0,0,0,1,3,13,1,6,5,6,0,1,1,1,3,2,1,1,6,11,11,4,5,0,8,6,2,8,3,11,2,19,1,0,1,0,1,0,0,0,3,5,0,0,1,0,2,1,0,0,10,2,8,0,0,1,0,5,2,0,1,0,1,3,6,1,1,9,0,0,3,1,0,0,0,0,2,3,1,0,0,0,0,0,1,0,1,3,0,4,0,3,0,4,2,1,0,0,0,0,0,0,0,0,0,1,0,0,0,0,0,0,2,6,3,3,2,1,4,2,4,0,5,1,3,1,4,1,1,1,5,1,2,1,3,0,1,1,0,1,2,1,0,0,3,0,1,3,0,1,0,0,0,1,0,1,4,2,1,0,0,0,0,0,0,0,0,0,0,0
Sordaria_macrospora_GCA_000182805.2,14,3,16,3,1,1,24,7,18,4,3,1,0,1,0,0,0,1,0,4,1,1,1,1,0,0,1,0,0,5,1,0,0,0,1,2,6,1,3,3,4,0,1,0,1,3,2,1,1,4,10,10,3,6,0,4,3,0,10,3,15,2,14,1,1,0,1,2,0,2,0,4,5,0,0,2,0,2,1,0,0,8,0,8,0,1,1,0,4,0,0,2,0,1,6,5,1,1,10,0,0,3,1,0,0,0,0,2,1,1,0,0,0,1,0,1,0,1,2,0,4,0,2,0,3,2,1,0,0,0,0,0,0,0,0,0,0,1,0,0,0,0,0,1,6,3,2,5,1,5,1,2,0,5,0,2,1,3,1,1,0,4,0,2,1,3,0,1,1,0,1,2,1,1,0,3,0,1,2,0,1,0,0,0,2,0,0,1,2,1,0,0,0,0,1,0,0,0,0,0,1
Hypoxylon_pulicicidum_GCA_002775035.1,9,5,41,5,0,1,44,7,26,3,3,1,1,1,0,0,0,0,0,2,1,0,0,0,0,0,0,0,0,0,0,0,1,1,0,5,6,1,6,5,7,0,1,1,2,3,1,0,1,11,20,17,2,4,0,2,2,0,3,2,15,3,15,2,0,0,1,0,2,1,2,3,6,1,0,6,1,2,1,0,0,19,1,10,0,2,1,0,6,1,0,3,0,1,2,6,0,2,12,0,2,5,1,0,0,0,0,7,4,1,0,0,0,4,2,2,0,0,1,0,3,1,4,0,1,2,1,0,0,0,0,0,0,0,1,0,1,1,0,0,0,0,0,5,6,2,1,1,1,5,0,3,0,6,1,3,1,3,1,4,0,2,1,2,1,3,0,1,1,0,0,2,1,1,0,4,0,1,2,0,0,0,0,0,3,0,3,2,1,5,0,0,0,0,1,0,1,0,0,0,1
Xylaria_grammica_GCA_004353285.2,12,7,43,4,1,1,53,8,23,4,2,1,0,1,0,0,0,0,0,4,1,0,1,0,0,0,3,0,1,4,0,1,2,1,0,5,10,0,9,6,7,0,2,1,3,2,5,0,2,9,17,18,3,5,0,2,4,2,5,3,16,2,20,3,0,1,1,0,1,9,1,3,5,1,0,3,1,2,1,0,0,20,2,8,0,1,1,3,9,1,0,5,0,1,4,5,0,1,11,0,3,5,1,0,0,0,1,6,3,1,4,0,0,4,0,3,0,1,2,0,3,2,3,0,4,2,1,0,1,0,0,0,0,0,1,2,1,2,1,0,0,0,0,3,6,2,1,1,1,4,1,3,0,6,1,3,1,4,0,2,0,3,1,2,1,3,0,1,1,0,0,2,1,0,0,4,0,1,1,1,1,0,0,0,4,0,3,7,1,5,1,0,1,0,1,1,1,0,0,0,1
Erysiphe_necator_GCA_000798715.1,2,3,1,1,2,0,2,0,1,2,0,0,0,0,0,0,0,0,0,1,0,0,0,0,0,0,0,0,0,0,0,0,0,0,1,0,2,0,2,3,4,0,0,0,0,0,1,1,0,0,2,4,0,0,0,0,0,0,3,1,10,2,6,1,0,0,0,0,0,0,0,0,1,0,0,0,0,1,1,0,0,0,0,4,0,0,0,0,1,0,0,0,1,0,0,3,0,0,7,0,1,0,1,0,0,0,0,2,1,0,0,0,0,0,0,0,0,1,0,0,2,0,1,0,0,2,1,0,1,0,0,0,0,0,0,0,1,0,0,0,0,0,0,1,5,2,1,1,1,2,0,2,0,3,0,3,1,4,1,0,0,3,1,2,1,3,0,1,0,0,0,1,1,1,0,3,0,1,1,0,1,0,0,0,0,0,0,0,0,0,0,0,0,0,0,0,0,0,0,0,0
Botrytis_cinerea_GCA_000143535.4,12,3,33,2,4,1,29,4,9,2,0,1,0,1,0,0,0,0,3,3,1,6,2,1,0,1,1,0,0,0,0,0,0,2,1,2,2,1,1,5,9,0,5,1,2,0,7,1,5,2,16,15,1,3,0,2,3,3,9,4,23,3,8,1,0,0,0,2,3,17,0,0,4,1,0,4,0,1,1,0,0,8,2,8,0,2,2,1,4,1,0,2,2,0,6,5,1,0,10,0,4,2,1,0,0,1,1,5,1,0,2,0,0,2,2,1,0,1,1,0,4,1,4,0,2,2,1,0,3,0,0,0,0,0,0,0,2,2,0,0,0,0,0,5,6,2,4,4,1,5,1,7,0,3,2,3,1,3,1,2,0,3,1,2,1,3,0,1,0,0,0,1,1,1,0,3,0,1,2,5,1,0,0,0,2,0,0,7,2,0,1,0,0,0,0,1,0,0,0,0,1
Phyllosticta_citricarpa_GCA_001604955.1,14,4,18,2,2,1,15,2,8,5,0,0,0,1,0,0,0,0,1,1,1,0,0,0,0,0,0,1,0,1,0,0,0,0,0,0,2,0,0,3,3,0,3,2,2,0,3,0,4,3,14,11,1,1,0,1,0,1,3,2,21,4,6,2,0,0,0,0,1,5,1,0,7,2,0,2,0,2,1,0,0,10,1,9,0,0,2,0,1,0,0,1,0,0,3,4,1,0,6,0,1,4,1,0,0,0,1,6,1,0,0,0,0,2,1,1,0,0,1,0,2,0,2,0,3,1,1,0,0,0,0,0,0,0,1,0,1,1,0,0,0,0,0,2,5,2,4,1,1,4,0,3,0,3,0,3,1,4,1,1,0,1,1,2,1,3,0,2,1,0,0,2,1,1,0,3,0,1,2,0,1,0,0,0,5,0,0,3,3,2,0,0,0,0,0,0,0,0,0,0,0
Aureobasidium_pullulans_GCA_000721785.1,9,6,24,3,2,1,10,2,6,3,0,0,0,1,0,0,0,0,1,2,1,1,0,0,0,0,1,1,0,1,0,0,0,3,1,7,3,0,1,7,8,1,5,2,2,1,4,1,6,4,20,25,1,1,1,4,3,2,14,3,24,4,4,1,0,0,0,0,2,12,2,1,9,4,0,3,1,1,1,0,1,26,1,6,1,3,2,1,3,1,0,2,1,1,2,6,1,0,9,0,5,4,1,0,1,0,0,1,2,0,1,0,0,2,1,1,0,1,1,0,2,1,5,0,1,1,1,0,2,0,0,0,0,0,1,1,1,1,0,0,0,0,0,4,5,2,5,3,1,4,2,6,0,3,0,3,1,3,0,0,0,2,1,3,1,3,0,0,1,0,0,1,0,1,0,4,0,1,0,5,0,0,0,0,3,1,1,5,2,4,0,0,0,0,0,1,1,0,0,0,0
Aureobasidium_pullulans_GCA_003336255.1,10,7,27,3,2,1,9,2,6,3,1,0,0,1,0,0,0,0,0,2,1,1,0,0,0,0,1,1,0,1,0,0,0,3,1,3,3,1,0,6,8,1,3,1,2,1,3,1,4,2,15,22,1,2,1,3,4,2,13,2,22,3,4,1,0,0,0,0,0,9,2,1,8,3,0,4,1,1,1,0,1,15,1,6,1,3,2,1,3,1,0,2,1,1,1,6,1,0,11,0,4,3,1,0,0,0,0,1,2,0,0,0,0,2,0,0,0,1,1,0,2,1,6,0,1,1,1,0,2,0,0,0,0,0,1,0,1,1,0,0,0,0,0,7,5,1,4,3,1,4,3,9,0,3,0,3,1,3,0,1,0,3,1,4,1,3,0,1,0,0,0,1,0,1,1,4,0,1,2,6,0,0,0,0,2,1,0,3,1,3,0,0,0,0,0,0,0,0,0,0,0
Aeminium_ludgeri_GCA_004216415.1,4,2,8,2,0,1,11,2,4,4,0,0,0,1,0,0,0,0,0,0,1,0,0,0,0,0,0,1,0,0,0,1,0,2,0,1,2,0,2,1,4,0,1,2,1,0,1,0,2,4,7,14,1,2,0,2,2,2,7,0,10,3,4,2,0,0,0,0,1,5,0,0,7,2,1,3,1,2,1,0,0,15,1,5,0,3,1,0,2,1,0,2,0,1,1,6,0,0,9,0,3,3,1,0,0,0,0,3,1,0,1,0,0,2,1,1,0,0,3,2,2,1,3,0,0,1,1,0,1,0,0,0,0,0,0,0,1,1,0,0,0,0,0,4,5,2,2,2,1,4,0,2,0,4,1,4,1,3,1,0,0,2,1,2,1,3,0,0,1,0,0,2,1,1,0,3,0,1,2,0,1,0,0,0,2,0,2,4,2,1,0,0,0,0,0,0,1,0,0,0,0
Baudoinia_panamericana_GCA_000338955.1,11,4,15,3,1,2,7,0,1,2,1,0,0,0,0,0,0,0,0,2,1,0,0,0,0,0,0,0,0,1,1,0,0,0,0,1,3,0,0,3,2,0,1,2,0,1,3,0,3,4,10,15,1,2,1,3,2,1,7,1,14,3,4,1,0,0,0,0,1,5,0,3,6,2,0,3,1,1,1,0,0,5,0,9,0,3,0,0,3,1,0,4,1,1,1,4,0,0,9,0,2,1,1,0,0,0,1,3,2,0,0,1,0,1,0,1,0,0,1,0,2,0,4,0,0,1,1,0,0,0,0,0,0,0,1,0,1,1,0,0,0,0,0,2,5,2,3,1,1,4,1,6,0,3,1,3,1,4,1,0,0,1,1,3,1,3,0,1,0,0,0,2,1,1,0,4,0,1,1,3,1,0,0,0,3,0,0,0,0,0,0,0,0,0,0,0,0,0,0,0,0
Zasmidium_cellare_GCA_010093935.1,26,6,44,4,4,1,33,2,3,4,1,0,0,1,0,0,0,0,0,3,1,0,0,0,0,0,4,2,0,3,0,0,0,2,0,1,3,2,11,4,11,1,1,3,1,0,8,0,4,10,22,22,0,0,0,2,2,1,18,2,18,5,14,2,0,1,1,0,2,8,1,3,13,5,0,4,1,1,1,0,1,28,0,12,0,3,2,6,6,0,0,4,1,1,4,9,0,0,13,0,5,5,0,0,0,1,1,10,2,0,1,0,0,4,2,5,0,1,0,0,4,1,4,2,1,1,1,0,1,0,0,0,0,0,2,1,0,1,0,0,0,0,0,4,5,2,4,4,1,3,1,7,1,3,2,3,1,4,1,0,0,6,1,3,1,3,0,0,1,0,0,2,1,1,0,3,0,1,1,3,1,0,0,1,6,0,3,3,2,2,2,0,0,0,0,0,0,0,0,0,0
Astrothelium_macrocarpum_GCA_021030915.1,18,1,32,0,4,1,36,2,9,2,1,0,0,1,0,0,0,0,0,1,1,0,2,0,0,0,1,1,0,0,0,0,0,1,0,2,3,1,2,3,9,0,2,2,1,1,5,0,1,2,10,16,1,2,0,3,4,2,7,3,16,2,10,4,0,0,1,0,2,11,1,4,7,1,1,4,0,1,1,1,0,14,0,11,0,2,2,1,3,1,1,2,1,1,2,4,1,0,8,0,3,6,1,0,1,0,0,6,2,0,1,0,0,1,2,0,0,1,0,0,2,1,5,0,2,1,1,0,1,0,0,0,0,0,1,0,1,1,0,0,0,0,0,2,5,1,2,0,1,4,1,8,0,4,0,3,1,2,0,0,0,3,1,4,1,3,0,1,0,0,0,2,0,1,0,3,0,1,1,2,0,0,0,0,7,0,1,0,0,0,0,0,0,0,0,0,0,0,0,0,0
Astrothelium_subdiscretum_GCA_021030935.1,21,3,35,2,3,1,28,5,11,2,1,0,0,1,0,0,0,0,0,1,1,0,0,0,0,0,1,1,1,0,0,0,0,0,0,1,2,1,4,3,7,0,3,1,2,3,6,0,1,2,12,16,1,2,0,3,3,3,8,3,16,4,8,4,0,0,1,0,3,12,1,5,9,1,1,4,0,1,1,1,0,13,0,12,0,3,2,1,2,2,0,2,1,1,3,4,1,0,8,0,1,6,1,0,1,0,0,6,3,0,1,0,0,0,3,2,0,1,0,0,2,1,3,0,3,1,1,0,1,0,0,0,0,0,1,1,1,1,0,0,0,0,0,3,5,1,0,1,1,5,2,8,0,4,0,3,1,2,0,0,0,3,1,4,1,3,0,1,1,0,0,1,0,1,1,3,0,1,1,1,0,0,0,0,9,0,0,1,1,0,0,0,0,0,0,0,0,0,0,0,0
Bathelium_albidoporum_GCA_021031095.1,18,3,28,1,2,1,29,3,12,2,1,0,0,1,0,0,0,0,0,0,1,0,0,0,0,0,0,1,0,0,0,0,0,1,0,3,3,2,0,4,8,0,3,1,2,1,5,0,1,2,11,14,1,2,0,4,4,2,8,2,15,2,10,3,0,0,1,0,2,11,1,5,9,1,0,4,0,1,1,1,0,12,0,11,0,3,2,1,3,2,0,2,1,1,2,4,1,0,9,0,2,4,1,0,0,0,0,4,2,0,1,0,0,2,2,0,0,1,0,0,2,1,3,0,3,1,1,0,0,0,0,0,0,0,1,2,1,1,0,0,0,0,0,0,6,2,2,1,1,5,2,7,0,3,0,3,1,4,0,0,0,4,1,4,1,3,0,1,1,0,0,2,0,1,0,3,0,1,1,1,0,0,0,0,4,0,1,1,0,0,0,0,0,0,1,0,0,0,0,0,0
Dictyomeridium_proponens_GCA_964254665.1,14,2,30,1,2,1,24,3,11,2,1,0,0,1,0,0,0,0,0,1,2,0,0,0,0,0,1,1,1,0,0,0,0,0,0,3,2,2,1,2,7,0,2,2,2,1,5,0,1,2,11,16,1,2,0,3,5,2,7,3,16,3,9,2,0,0,1,1,2,12,1,5,8,1,1,5,0,1,1,1,0,15,0,11,0,2,2,1,3,1,0,3,1,1,3,4,1,0,7,0,2,4,1,0,1,0,0,6,3,0,1,0,0,1,4,0,0,1,0,0,2,0,3,1,3,1,1,0,0,0,1,0,0,0,1,0,1,1,0,0,0,0,0,1,5,3,2,1,1,4,1,3,0,3,0,3,1,4,1,0,0,2,1,4,1,3,0,1,1,0,0,1,0,1,0,3,0,1,1,1,0,0,0,0,6,0,1,0,0,0,0,0,0,0,0,0,0,0,0,0,0
Trypethelium_eluteriae_GCA_021030925.1,19,2,27,1,2,1,24,3,11,3,1,0,0,1,0,0,0,0,0,1,1,0,0,0,0,0,1,1,1,0,0,0,0,0,0,3,3,2,3,3,7,0,2,2,2,1,6,0,1,2,11,17,1,2,0,4,5,3,8,2,15,2,7,3,0,0,1,0,3,11,1,5,8,1,1,4,0,1,1,1,0,17,0,11,0,2,2,1,3,2,0,2,1,1,2,4,1,0,7,0,1,5,1,0,1,0,0,6,2,0,1,0,0,1,2,0,0,1,0,0,2,1,3,0,2,1,1,0,0,0,0,0,0,0,1,1,0,1,0,0,0,0,0,3,4,2,1,2,1,5,1,6,0,4,0,3,1,3,1,0,0,3,1,4,1,3,0,1,1,0,0,1,0,1,1,3,0,1,1,3,0,0,0,0,7,0,0,1,1,0,0,0,0,0,0,0,0,0,0,0,0
Trypethelium_eluteriae_GCA_051942245.1,17,2,26,1,2,1,27,3,10,2,1,0,0,1,0,0,0,0,0,1,1,0,0,0,0,0,1,1,1,0,0,0,0,0,0,3,2,2,2,2,7,1,2,2,1,1,6,0,1,2,11,17,1,1,0,4,5,2,8,2,15,2,7,3,0,0,0,0,3,10,1,4,8,1,1,4,0,1,1,1,0,16,0,11,0,2,0,1,2,1,0,2,1,1,2,3,1,0,6,0,1,5,0,0,1,0,0,5,2,0,1,0,0,1,2,0,0,1,0,0,2,1,3,0,2,1,1,0,0,0,0,0,0,0,1,1,0,1,0,0,0,0,0,2,5,2,0,1,0,5,1,6,0,3,0,3,1,3,1,0,0,3,1,2,1,3,0,1,1,0,0,2,0,1,1,3,0,1,1,2,0,0,0,0,7,0,0,2,1,0,0,0,0,0,0,0,0,0,0,0,0
Trypethelium_subeluteriae_GCA_051942145.1,15,1,21,1,2,1,23,4,11,2,1,0,0,1,0,0,0,0,0,1,1,0,0,0,0,0,1,1,1,0,0,0,0,0,0,2,3,2,2,2,8,0,2,2,3,1,4,0,1,2,9,13,1,2,0,4,5,3,6,2,17,1,5,3,0,0,1,0,3,10,1,4,8,0,1,4,0,1,1,1,0,13,0,9,0,2,2,1,2,2,0,2,1,1,2,4,1,0,9,0,1,3,1,0,1,0,0,5,1,0,1,0,0,1,3,0,0,1,0,0,2,0,3,0,2,1,1,0,0,0,0,0,0,0,1,0,0,1,0,0,0,0,0,1,4,1,1,1,1,5,1,5,0,4,0,3,1,2,0,0,0,2,1,4,0,2,0,1,0,0,0,1,0,1,1,3,0,1,1,3,0,0,0,0,7,0,1,0,1,0,0,0,0,0,1,0,0,0,0,0,0
Viridothelium_virens_GCA_964256845.1,20,3,32,2,2,1,27,4,8,2,1,0,0,1,0,0,0,0,0,2,1,0,0,0,0,0,1,0,0,0,0,0,0,0,0,0,3,1,1,4,7,0,2,2,2,1,7,0,1,2,11,10,1,1,0,2,3,3,8,3,16,4,8,3,0,1,1,0,3,10,1,3,8,1,0,4,0,1,1,1,0,9,0,10,0,3,2,1,2,1,0,2,1,1,2,4,1,0,8,0,2,5,1,0,1,0,0,6,3,0,1,0,0,1,1,1,0,1,0,0,2,0,2,1,2,1,1,0,1,0,0,0,0,0,1,0,0,1,0,0,0,0,0,0,5,1,2,2,1,5,1,7,0,3,0,3,1,3,0,0,0,3,1,3,1,3,0,1,1,0,0,1,0,1,0,3,0,1,1,1,0,0,0,0,9,0,2,1,1,0,1,0,0,0,0,0,0,0,0,0,0
Alyxoria_varia_GCA_026054675.1,6,1,5,0,2,1,12,0,1,2,1,0,0,1,0,0,0,0,0,0,1,0,0,0,0,0,0,0,0,0,0,0,0,0,0,0,1,0,1,2,1,0,0,0,0,0,10,0,0,1,5,6,0,0,0,0,0,0,2,1,11,3,3,1,0,1,0,0,0,1,0,0,3,1,0,1,0,2,0,0,0,6,0,5,0,2,0,0,1,0,0,2,1,0,1,4,0,1,5,0,0,2,1,0,0,0,0,0,2,0,0,0,0,0,0,0,0,0,0,1,1,0,3,1,0,2,1,1,0,0,0,0,0,0,1,0,2,0,0,0,0,0,0,3,6,1,1,0,1,3,0,3,0,5,0,3,1,3,1,1,0,0,1,2,1,3,0,1,0,0,0,2,1,0,0,3,0,1,0,3,0,0,0,0,2,0,1,0,1,0,0,0,0,0,0,0,0,0,0,0,0
Arthonia_radiata_GCA_002989075.1,5,2,13,1,2,1,15,0,3,3,1,0,0,1,0,0,0,0,0,0,1,0,1,0,0,0,1,0,0,0,0,1,0,0,0,1,4,1,2,3,7,0,2,0,1,1,11,0,1,2,7,10,1,2,0,1,2,1,7,1,12,2,9,1,0,1,1,1,1,5,0,1,4,1,0,4,0,1,1,0,0,9,0,7,1,3,1,1,2,1,0,2,1,0,3,5,0,0,5,0,2,3,1,0,0,0,0,5,1,0,1,0,0,0,1,0,0,0,1,0,2,0,3,0,1,2,1,0,1,0,0,0,0,0,1,0,0,0,0,0,0,0,0,1,7,2,2,0,1,3,1,5,0,5,0,3,1,4,0,3,0,2,1,4,1,3,0,1,1,0,0,2,1,1,0,3,0,1,2,2,1,0,0,0,4,0,1,0,1,0,0,0,0,0,0,0,0,0,0,0,0
