family	substrate
AA3	(hemi-)cellulose
AA9	(hemi-)cellulose
CBM1	(hemi-)cellulose
CBM13	(hemi-)cellulose
CBM35	(hemi-)cellulose
CBM6	(hemi-)cellulose
CBM66	(hemi-)cellulose
GH1	(hemi-)cellulose
GH10	(hemi-)cellulose
GH11	(hemi-)cellulose
GH12	(hemi-)cellulose
GH141	(hemi-)cellulose
GH16	(hemi-)cellulose
GH2	(hemi-)cellulose
GH26	(hemi-)cellulose
GH27	(hemi-)cellulose
GH29	(hemi-)cellulose
GH3	(hemi-)cellulose
GH30	(hemi-)cellulose
GH31	(hemi-)cellulose
GH35	(hemi-)cellulose
GH36	(hemi-)cellulose
GH39	(hemi-)cellulose
GH43	(hemi-)cellulose
GH45	(hemi-)cellulose
GH5	(hemi-)cellulose
GH51	(hemi-)cellulose
GH55	(hemi-)cellulose
GH6	(hemi-)cellulose
GH61	(hemi-)cellulose
GH67	(hemi-)cellulose
GH7	(hemi-)cellulose
GH72	(hemi-)cellulose
GH74	(hemi-)cellulose
GH95	(hemi-)cellulose
CE8	pectin
GH105	pectin
GH28	pectin
GH49	pectin
GH53	pectin
GH79	pectin
GH88	pectin
PL1	pectin
PL3	pectin
PL4	pectin
PL9	pectin
AA1	lignin
AA2	lignin
AA5	lignin
