Name,C(%),D(%),F(%),M(%),Scaffold N50,Scaffold Count,Number of CDS,CAZymes_AA,CAZymes_CBM,CAZymes_CE,CAZymes_GH,CAZymes_GT,CAZymes_PL,cell,pec,lign,Pfam_PF00083
Acarospora_aff._strigata_GCA_964256185.1,0.937,0.003,0.022,0.041,158 KB,252,7661,33,1,9,81,59,0,45,0,7,23
Acarospora_socialis_GCA_025617375.2,0.954,0.002,0.020,0.026,2 MB,38,8816,41,1,6,92,62,0,51,1,7,28
Acarospora_sp._Tripp_6053_NY-2858381_GCA_964255005.1,0.825,0.001,0.047,0.128,17 KB,1529,7289,31,3,5,77,53,0,38,0,5,24
Pleopsidium_flavum_GCA_026027315.1,0.843,0.115,0.051,0.106,14 KB,4475,10024,31,2,7,87,60,0,49,0,5,40
Trapelia_coarctata_GCA_022813945.1,0.950,0.002,0.015,0.036,282 KB,276,9418,53,6,7,86,71,1,58,1,10,35
Physcia_stellaris_GCA_018902385.1,0.899,0.003,0.029,0.072,644 KB,155,10553,72,6,13,118,78,1,75,1,13,37
Gyalecta_farlowii_GCA_964256515.1,0.824,0.002,0.057,0.119,22 KB,1550,8170,56,5,9,87,53,0,55,2,14,21
Cetradonia_linearis_GCA_003521265.1,0.656,0.002,0.040,0.304,10 KB,2703,6282,31,4,3,66,59,0,39,0,12,13
Cladonia_grayi_GCA_964255175.1,0.793,0.004,0.051,0.156,16 KB,2162,8724,52,3,5,93,66,0,54,0,18,30
Cladonia_macilenta_GCA_000444155.1,0.925,0.002,0.019,0.056,1 MB,240,10098,51,4,8,95,69,0,52,0,18,33
Cladonia_metacorallifera_GCA_000482085.2,0.935,0.006,0.018,0.047,2 MB,30,10370,52,5,8,95,67,0,54,0,19,39
Cladonia_uncialis_GCA_002927785.1,0.884,0.002,0.035,0.081,35 KB,2124,10020,68,4,7,98,76,0,59,0,18,35
Evernia_prunastri_GCA_003184365.1,0.930,0.008,0.023,0.046,264 KB,277,11944,70,5,10,114,89,0,77,2,16,42
Niebla_homalea_GCA_019925105.1,0.910,0.002,0.030,0.060,1 MB,52,9464,49,4,7,85,71,0,61,0,12,35
Pseudevernia_furfuracea_GCA_003184345.1,0.932,0.004,0.025,0.043,1 MB,46,11364,61,4,8,110,84,0,68,1,16,43
Ramalina_intermedia_GCA_003073195.1,0.909,0.001,0.024,0.067,273 KB,198,9061,51,4,7,93,70,0,58,0,13,36
Ramalina_peruviana_GCA_001956345.1,0.679,0.002,0.061,0.260,40 KB,1657,7788,36,3,5,78,65,0,50,0,10,29
Stereocaulon_virgatum_GCA_042464655.1,0.927,0.004,0.025,0.048,667 KB,268,9119,42,5,7,87,75,0,45,0,16,24
Acanthothecis_fontana_GCA_964256675.1,0.770,0.002,0.062,0.169,20 KB,1940,9940,75,6,21,184,62,3,120,16,14,49
Cyanodermella_asteris_GCA_900618795.1,0.955,0.001,0.012,0.033,2 MB,36,9673,70,8,24,195,62,3,117,20,12,42
Diploschistes_diacapsis_GCA_023645945.1,0.818,0.001,0.064,0.118,15 KB,4360,8252,45,6,8,130,58,0,69,5,13,29
Fissurina_insidiosa_GCA_964256455.1,0.637,0.002,0.107,0.256,9 KB,4628,11343,69,8,23,193,58,5,119,20,17,49
Fitzroyomyces_cyperi_CBS143170,0.937,0.000,0.018,0.046,2 MB,18,10126,110,11,40,228,78,18,173,30,15,63
Gomphillus_americanus_GCA_964255845.1,0.919,0.001,0.016,0.065,609 KB,68,8161,34,6,16,113,62,0,62,2,10,32
Gomphillus_calycioides_GCA_964255765.1,0.896,0.001,0.028,0.076,44 KB,839,8909,44,9,15,111,62,0,65,2,15,35
Graphis_lineola_GCA_056632675.1,0.914,0.004,0.017,0.069,853 KB,71,9974,90,10,31,195,64,5,130,28,23,47
Leucodecton_sp_GCA_964257275.1,0.822,0.002,0.046,0.132,23 KB,1802,10041,81,6,19,181,61,1,121,14,21,48
Porina_heterospora_GCA_964256445.1,0.610,0.001,0.118,0.272,11 KB,2777,8126,49,3,10,76,52,0,48,3,11,23
Stictis_urceolata_GCA_022814025.1,0.945,0.002,0.017,0.038,161 KB,546,10474,85,9,39,225,73,7,144,26,17,54
Thelotrema_lepadinum_GCA_022813995.1,0.928,0.012,0.020,0.052,220 KB,353,11376,105,9,30,204,62,3,134,22,30,50
Thelotrema_subtile_GCA_964256685.1,0.757,0.002,0.057,0.186,24 KB,1524,9375,89,9,22,189,53,1,121,20,28,46
Lobaria_pulmonaria_GCA_964257085.1,0.915,0.008,0.024,0.061,26 KB,2527,12613,71,7,8,88,66,1,63,0,15,27
Agyrium_rufum_GCA_022814335.1,0.957,0.003,0.015,0.028,240 KB,239,8572,57,5,16,146,63,0,93,13,15,33
Loxospora_ochrophaea_GCA_022814175.1,0.920,0.001,0.023,0.057,380 KB,107,8321,54,3,12,104,65,0,73,11,11,33
Gyalolechia_flavorubescens_GCA_000442125.1,0.912,0.002,0.026,0.062,2 MB,36,9446,59,6,9,105,73,0,65,1,12,26
Lasallia_hispanica_GCA_003254425.1,0.941,0.007,0.021,0.038,145 KB,1619,9742,41,4,10,83,60,0,45,0,12,27
Umbilicaria_muehlenbergii_GCA_000611775.1,0.944,0.004,0.021,0.035,7 MB,7,8452,42,4,11,86,65,0,50,0,10,32
Capronia_coronata_GCA_000585585.1,0.975,0.001,0.006,0.019,3 MB,11,8798,37,3,11,109,71,1,69,3,12,57
Capronia_epimyces_GCA_000585565.1,0.978,0.001,0.007,0.015,4 MB,18,10078,52,2,11,101,78,0,58,3,18,93
Cladophialophora_carrionii_GCA_000365165.2,0.963,0.001,0.013,0.023,3 MB,19,9766,57,3,12,141,74,1,86,8,15,105
Cladophialophora_psammophila_GCA_000585535.1,0.961,0.001,0.011,0.028,1 MB,123,12483,76,4,7,139,83,0,94,9,23,153
Exophiala_sideris_GCA_000835395.1,0.966,0.001,0.011,0.023,8 MB,5,11162,59,4,16,158,83,0,93,8,18,138
Fonsecaea_erecta_GCA_001651985.1,0.955,0.005,0.016,0.029,3 MB,57,11522,71,3,12,141,78,0,100,5,20,156
Knufia_petricola_GCA_002319055.1,0.951,0.002,0.012,0.038,265 KB,388,9380,39,6,11,144,75,2,87,11,12,94
Phialophora_attae_GCA_001299255.1,0.903,0.002,0.039,0.058,960 KB,131,11607,68,7,20,155,87,1,110,6,14,132
Monascus_purpureus_GCA_003184285.1,0.930,0.002,0.016,0.055,3 MB,33,7588,36,7,11,101,59,2,59,2,9,38
Penicillium_chrysogenum_GCA_000710275.1,0.988,0.002,0.008,0.004,10 MB,5,10856,88,18,25,224,83,10,138,17,16,121
Talaromyces_cellulolyticus_GCA_000829775.1,0.954,0.004,0.016,0.030,3 MB,59,11897,98,25,28,321,75,8,185,32,19,145
Thermoascus_crustaceus_GCA_001599835.1,0.966,0.001,0.009,0.025,4 MB,33,8386,48,6,16,144,63,1,84,7,8,74
Helicocarpus_griseus_GCA_002573585.1,0.987,0.002,0.004,0.009,125 KB,546,9453,89,11,36,177,63,6,136,11,6,52
Malbranchea_cinnamomea_GCA_900128795.2,0.954,0.001,0.013,0.033,67 KB,817,7346,46,7,16,128,57,4,82,4,7,50
Onygena_corvina_GCA_000812245.1,0.967,0.001,0.008,0.025,229 KB,520,7071,39,2,9,74,54,0,34,0,10,26
Uncinocarpus_reesii_GCA_000003515.2,0.908,0.001,0.033,0.059,5 MB,45,7381,24,5,5,74,62,0,31,0,5,26
Phaeomoniella_chlamydospora_GCA_001006345.1,0.950,0.002,0.011,0.039,179 KB,702,8831,51,9,20,198,86,5,109,22,14,73
Pseudophaeomoniella_oleicola_GCA_003868215.1,0.953,0.002,0.016,0.031,344 KB,990,9088,51,8,20,179,79,4,103,20,10,70
Pyrenula_aspistea_GCA_021030945.1,0.937,0.002,0.020,0.043,359 KB,476,12403,112,7,38,225,82,11,150,40,21,62
Pyrenula_massariospora_GCA_021030905.1,0.944,0.002,0.015,0.040,1 MB,42,12251,93,8,33,225,84,10,143,39,17,59
Pyrenula_ochraceoflavens_GCA_051942085.1,0.870,0.003,0.013,0.117,278 KB,200,9908,91,7,35,205,80,4,144,24,13,54
Pyrenula_pseudobufonia_GCA_964255335.1,0.814,0.002,0.032,0.155,16 KB,2230,9210,84,5,24,188,75,9,120,34,17,50
Pyrenula_sp_1_TL2023_GCA_052059035.1,0.826,0.002,0.017,0.157,186 KB,409,9624,97,4,28,165,68,7,117,28,16,42
Bogoriella_megaspora_GCA_026027345.1,0.915,0.002,0.016,0.069,253 KB,395,10442,94,7,36,222,68,5,152,23,23,48
Dermatocarpon_miniatum_GCA_023184605.1,0.947,0.005,0.019,0.034,5 MB,26,9478,43,2,7,84,60,0,54,1,8,22
Endocarpon_pusillum_GCA_000611755.1,0.954,0.008,0.012,0.033,1 MB,40,10292,46,2,5,99,66,0,57,1,8,23
Coniochaeta_ligniaria_GCA_001879275.1,0.988,0.003,0.002,0.009,3 MB,135,11326,103,26,47,285,79,11,188,24,22,97
Coniella_lustricola_GCA_003019895.1,0.981,0.002,0.006,0.013,141 KB,634,8966,66,11,31,239,68,10,137,37,17,71
Diaporthe_longicolla_GCA_000800745.1,0.985,0.007,0.006,0.009,205 KB,984,14575,242,30,56,402,92,45,307,85,38,120
Colletotrichum_graminicola_GCA_000149035.1,0.974,0.002,0.012,0.015,579 KB,654,10561,141,22,48,273,79,15,204,35,31,82
Verticillium_dahliae_GCA_000150675.2,0.907,0.001,0.026,0.066,1 MB,55,8988,98,20,46,234,73,34,168,60,15,87
Epichloe_typhina_GCA_000308955.1,0.956,0.004,0.018,0.026,43 KB,2253,7551,37,8,13,114,62,0,63,4,10,36
Fusarium_oxysporum_GCA_000149955.2,0.966,0.006,0.016,0.018,5 MB,88,15801,159,48,44,357,94,27,225,53,32,186
Trichoderma_reesei_GCA_000167675.2,0.985,0.002,0.005,0.009,1 MB,77,8613,59,10,16,189,75,6,110,9,13,62
Magnaporthe_grisea_GCA_002871045.1,0.967,0.025,0.011,0.022,3 MB,113,11240,135,24,56,256,84,7,185,16,32,64
Ceratocystis_platani_GCA_000978885.1,0.977,0.002,0.004,0.020,78 KB,1206,7096,40,8,6,102,54,5,60,7,9,17
Thielaviopsis_musarum_GCA_001513885.1,0.974,0.001,0.006,0.021,103 KB,541,6900,39,7,8,102,63,4,70,6,11,25
Podospora_anserina_GCA_000226545.1,0.955,0.003,0.016,0.029,2 MB,33,9794,138,19,40,192,72,7,164,12,21,38
Sordaria_macrospora_GCA_000182805.2,0.972,0.002,0.011,0.017,746 KB,1287,9363,96,19,25,180,65,6,125,12,18,37
Hypoxylon_pulicicidum_GCA_002775035.1,0.924,0.002,0.004,0.072,573 KB,198,10849,147,10,33,235,71,11,197,20,14,74
Xylaria_grammica_GCA_004353285.2,0.977,0.002,0.008,0.016,5 MB,25,12734,160,23,45,269,69,19,202,35,20,74
Erysiphe_necator_GCA_000798715.1,0.927,0.001,0.022,0.051,21 KB,5934,7193,14,2,13,62,47,0,23,0,7,17
Botrytis_cinerea_GCA_000143535.4,0.971,0.002,0.012,0.017,3 MB,18,11149,101,23,34,230,78,12,153,38,19,76
Phyllosticta_citricarpa_GCA_001604955.1,0.941,0.002,0.027,0.032,21 KB,5747,8928,72,5,18,164,62,8,111,24,20,57
Aureobasidium_pullulans_GCA_000721785.1,0.971,0.001,0.009,0.020,1 MB,186,10167,67,19,35,258,70,13,180,37,17,97
Aureobasidium_pullulans_GCA_003336255.1,0.970,0.002,0.008,0.023,2 MB,36,9348,72,14,30,220,80,7,156,27,19,76
Aeminium_ludgeri_GCA_004216415.1,0.969,0.001,0.011,0.020,181 KB,228,7940,39,6,14,164,61,8,99,19,6,60
Baudoinia_panamericana_GCA_000338955.1,0.961,0.000,0.019,0.020,1 MB,19,8568,47,6,15,161,65,0,101,8,16,62
Zasmidium_cellare_GCA_010093935.1,0.968,0.004,0.011,0.021,675 KB,267,14743,129,16,45,309,84,9,200,28,36,150
Astrothelium_macrocarpum_GCA_021030915.1,0.931,0.003,0.023,0.046,200 KB,798,10738,107,9,29,212,65,0,143,22,23,58
Astrothelium_subdiscretum_GCA_021030935.1,0.911,0.005,0.033,0.056,354 KB,212,10474,113,6,32,222,68,2,153,25,27,57
Bathelium_albidoporum_GCA_021031095.1,0.900,0.002,0.039,0.061,86 KB,1457,10275,101,6,29,207,66,2,143,23,23,62
Dictyomeridium_proponens_GCA_964254665.1,0.893,0.001,0.030,0.076,42 KB,1029,9878,92,9,26,217,61,0,150,21,18,50
Trypethelium_eluteriae_GCA_021030925.1,0.891,0.002,0.042,0.067,58 KB,1624,10267,95,8,31,211,69,2,150,23,23,56
Trypethelium_eluteriae_GCA_051942245.1,0.809,0.001,0.062,0.129,33 KB,1333,9544,93,8,28,197,63,3,142,21,21,51
Trypethelium_subeluteriae_GCA_051942145.1,0.865,0.001,0.024,0.111,307 KB,283,9212,83,7,29,189,59,2,134,19,18,48
Viridothelium_virens_GCA_964256845.1,0.876,0.002,0.042,0.081,36 KB,1129,9423,103,4,30,193,66,3,131,22,25,51
Alyxoria_varia_GCA_026054675.1,0.876,0.002,0.031,0.093,348 KB,125,7571,32,1,15,88,53,1,46,4,9,23
Arthonia_radiata_GCA_002989075.1,0.924,0.002,0.019,0.057,2 MB,17,9785,47,5,32,147,69,1,86,13,9,38
